response_id,age_group,customer_stage,channel,cluster,cluster_group,complaint,severity,existing_insurance,consultation_needed
1,20대,가입 검토,모바일,보장 제외 조건,주의사항,보장되지 않는 조건이 설명서 뒤쪽에 있어 찾기 어렵다.,5,없음,예
2,20대,정보 탐색,모바일,보장 제외 조건,주의사항,면책기간과 보장 제외 항목을 먼저 확인하고 싶다.,5,없음,예
3,40대,상담,모바일,갱신 조건,주의사항,갱신 주기와 보험료 변동 조건을 찾기 어렵다.,4,없음,예
4,30대,상품 비교,모바일,갱신 조건,주의사항,갱신형 상품의 장기 비용을 예측하기 어렵다.,3,없음,아니오
5,40대,가입 검토,전화,전문용어 이해,정보 이해,약관의 전문 표현을 일상적인 말로 바꿔서 보고 싶다.,4,없음,아니오
6,20대,가입 검토,웹,전문용어 이해,정보 이해,약관의 전문 표현을 일상적인 말로 바꿔서 보고 싶다.,3,없음,예
7,50대 이상,상품 비교,전화,상담 질문 준비,상담,내 상황에 맞는 상담 질문을 미리 준비하고 싶다.,3,있음,아니오
8,30대,가입 검토,웹,보장 범위 이해,정보 이해,보장 내용을 사례 중심의 쉬운 설명으로 보고 싶다.,5,없음,예
9,20대,상담,모바일,보장 제외 조건,주의사항,면책기간과 보장 제외 항목을 먼저 확인하고 싶다.,5,없음,아니오
10,40대,상품 비교,전화,상담 질문 준비,상담,내 상황에 맞는 상담 질문을 미리 준비하고 싶다.,3,있음,예
11,50대 이상,가입 검토,모바일,보장 범위 이해,정보 이해,암 진단을 받으면 실제로 얼마를 받는지 모르겠다.,4,있음,예
12,20대,가입 검토,웹,보장 범위 이해,정보 이해,암 진단을 받으면 실제로 얼마를 받는지 모르겠다.,5,있음,아니오
13,50대 이상,상담,모바일,보장 범위 이해,정보 이해,이 상품이 어떤 상황을 보장하는지 한눈에 이해하기 어렵다.,3,없음,예
14,30대,정보 탐색,모바일,상담 질문 준비,상담,상품을 고르기 전에 확인할 질문 목록이 필요하다.,3,있음,예
15,20대,가입 검토,전화,갱신 조건,주의사항,갱신형 상품의 장기 비용을 예측하기 어렵다.,3,있음,아니오
16,20대,가입 검토,오프라인,보장 범위 이해,정보 이해,이 상품이 어떤 상황을 보장하는지 한눈에 이해하기 어렵다.,5,없음,아니오
17,30대,상품 비교,모바일,상담 질문 준비,상담,상담 전에 무엇을 물어봐야 할지 모르겠다.,4,없음,아니오
18,20대,가입 검토,전화,보험료 비교,상품 비교,월 납입액과 보장 수준을 함께 비교할 수 있으면 좋겠다.,3,없음,예
19,50대 이상,정보 탐색,웹,상담 질문 준비,상담,상담 전에 무엇을 물어봐야 할지 모르겠다.,4,없음,예
20,50대 이상,상품 비교,모바일,갱신 조건,주의사항,갱신 주기와 보험료 변동 조건을 찾기 어렵다.,4,없음,예
21,30대,가입 검토,모바일,갱신 조건,주의사항,갱신 주기와 보험료 변동 조건을 찾기 어렵다.,4,없음,예
22,30대,상품 비교,웹,보장 범위 이해,정보 이해,이 상품이 어떤 상황을 보장하는지 한눈에 이해하기 어렵다.,3,없음,예
23,20대,가입 검토,모바일,전문용어 이해,정보 이해,보험 용어가 너무 어려워서 무슨 뜻인지 모르겠다.,4,있음,예
24,40대,상담,모바일,보장 제외 조건,주의사항,기존 질환이 있으면 어떤 보장이 제외되는지 불안하다.,4,없음,예
25,30대,상담,모바일,전문용어 이해,정보 이해,약관의 전문 표현을 일상적인 말로 바꿔서 보고 싶다.,3,없음,예
26,30대,정보 탐색,모바일,상품 보장 비교,상품 비교,상품 A와 상품 B의 보장 차이를 같은 기준으로 비교하기 어렵다.,5,있음,예
27,20대,상품 비교,전화,보험료 비교,상품 비교,보험료만 봐서는 가격 차이가 왜 나는지 모르겠다.,4,없음,예
28,30대,정보 탐색,오프라인,갱신 조건,주의사항,갱신 시 보험료가 얼마나 오를 수 있는지 명확히 알고 싶다.,3,있음,아니오
29,50대 이상,정보 탐색,모바일,보험료 비교,상품 비교,보험료만 봐서는 가격 차이가 왜 나는지 모르겠다.,4,있음,아니오
30,40대,상담,모바일,상품 보장 비교,상품 비교,상품별 보장 항목과 지급 조건을 나란히 보고 싶다.,3,없음,예
31,20대,상담,웹,갱신 조건,주의사항,갱신 주기와 보험료 변동 조건을 찾기 어렵다.,3,없음,예
32,20대,정보 탐색,웹,상담 질문 준비,상담,상담 전에 무엇을 물어봐야 할지 모르겠다.,3,없음,예
33,20대,정보 탐색,모바일,보장 제외 조건,주의사항,면책기간과 보장 제외 항목을 먼저 확인하고 싶다.,5,있음,아니오
34,40대,상품 비교,모바일,보장 범위 이해,정보 이해,이 상품이 어떤 상황을 보장하는지 한눈에 이해하기 어렵다.,5,있음,아니오
35,40대,정보 탐색,모바일,상품 보장 비교,상품 비교,어떤 상품의 보장 범위가 더 넓은지 모르겠다.,5,없음,예
36,30대,상품 비교,오프라인,보장 제외 조건,주의사항,보장되지 않는 조건이 설명서 뒤쪽에 있어 찾기 어렵다.,3,있음,아니오
37,40대,가입 검토,웹,보장 범위 이해,정보 이해,보장 내용을 사례 중심의 쉬운 설명으로 보고 싶다.,5,없음,아니오
38,20대,상품 비교,모바일,상담 정보 전달,상담,상담사에게 내 보험 상황을 매번 처음부터 설명해야 한다.,4,없음,아니오
39,20대,가입 검토,모바일,상품 보장 비교,상품 비교,어떤 상품의 보장 범위가 더 넓은지 모르겠다.,4,있음,아니오
40,40대,정보 탐색,웹,상담 정보 전달,상담,상담할 때 내가 궁금한 내용을 정리해서 전달하기 어렵다.,2,없음,아니오
41,40대,가입 검토,모바일,상담 질문 준비,상담,내 상황에 맞는 상담 질문을 미리 준비하고 싶다.,4,있음,예
42,50대 이상,상품 비교,웹,전문용어 이해,정보 이해,갱신형과 비갱신형 같은 전문용어를 쉽게 설명해 줬으면 좋겠다.,5,없음,아니오
43,20대,정보 탐색,전화,전문용어 이해,정보 이해,보험 용어가 너무 어려워서 무슨 뜻인지 모르겠다.,5,없음,예
44,30대,상담,오프라인,상품 보장 비교,상품 비교,어떤 상품의 보장 범위가 더 넓은지 모르겠다.,3,없음,예
45,40대,상담,모바일,상담 정보 전달,상담,상담 전에 기본 정보를 정리해 상담 시간을 줄이고 싶다.,3,있음,예
46,40대,정보 탐색,모바일,보장 범위 이해,정보 이해,이 상품이 어떤 상황을 보장하는지 한눈에 이해하기 어렵다.,4,없음,예
47,30대,가입 검토,전화,상담 질문 준비,상담,상담 전에 무엇을 물어봐야 할지 모르겠다.,2,없음,예
48,20대,정보 탐색,오프라인,상품 보장 비교,상품 비교,상품별 보장 항목과 지급 조건을 나란히 보고 싶다.,4,있음,아니오
49,20대,가입 검토,모바일,상담 정보 전달,상담,상담할 때 내가 궁금한 내용을 정리해서 전달하기 어렵다.,2,없음,아니오
50,40대,상담,웹,상품 보장 비교,상품 비교,어떤 상품의 보장 범위가 더 넓은지 모르겠다.,3,있음,예
51,40대,정보 탐색,웹,보장 범위 이해,정보 이해,보장 내용을 사례 중심의 쉬운 설명으로 보고 싶다.,5,없음,아니오
52,50대 이상,가입 검토,웹,보험료 비교,상품 비교,내 예산에 맞는 상품인지 보험료를 비교하기 어렵다.,3,있음,아니오
53,30대,가입 검토,웹,갱신 조건,주의사항,갱신 시 보험료가 얼마나 오를 수 있는지 명확히 알고 싶다.,4,있음,예
54,20대,정보 탐색,모바일,보장 제외 조건,주의사항,보장되지 않는 조건이 설명서 뒤쪽에 있어 찾기 어렵다.,4,있음,아니오
55,40대,상담,전화,보험료 비교,상품 비교,내 예산에 맞는 상품인지 보험료를 비교하기 어렵다.,3,없음,아니오
56,40대,가입 검토,모바일,보험료 비교,상품 비교,보험료만 봐서는 가격 차이가 왜 나는지 모르겠다.,5,있음,예
57,20대,정보 탐색,모바일,상담 질문 준비,상담,내 상황에 맞는 상담 질문을 미리 준비하고 싶다.,4,없음,아니오
58,30대,상품 비교,웹,보험료 비교,상품 비교,월 납입액과 보장 수준을 함께 비교할 수 있으면 좋겠다.,4,있음,예
59,40대,정보 탐색,전화,보장 범위 이해,정보 이해,이 상품이 어떤 상황을 보장하는지 한눈에 이해하기 어렵다.,3,있음,예
60,50대 이상,정보 탐색,모바일,보장 제외 조건,주의사항,기존 질환이 있으면 어떤 보장이 제외되는지 불안하다.,5,있음,아니오
61,40대,상담,전화,보장 제외 조건,주의사항,면책기간과 보장 제외 항목을 먼저 확인하고 싶다.,4,없음,아니오
62,40대,가입 검토,전화,보험료 비교,상품 비교,내 예산에 맞는 상품인지 보험료를 비교하기 어렵다.,4,없음,아니오
63,40대,상품 비교,모바일,보험료 비교,상품 비교,월 납입액과 보장 수준을 함께 비교할 수 있으면 좋겠다.,5,없음,예
64,30대,상품 비교,웹,보장 범위 이해,정보 이해,이 상품이 어떤 상황을 보장하는지 한눈에 이해하기 어렵다.,4,있음,아니오
65,30대,상품 비교,전화,보장 제외 조건,주의사항,기존 질환이 있으면 어떤 보장이 제외되는지 불안하다.,5,없음,아니오
66,50대 이상,가입 검토,웹,보험료 비교,상품 비교,월 납입액과 보장 수준을 함께 비교할 수 있으면 좋겠다.,5,없음,아니오
67,30대,정보 탐색,모바일,보장 범위 이해,정보 이해,보장 내용을 사례 중심의 쉬운 설명으로 보고 싶다.,5,있음,예
68,50대 이상,정보 탐색,전화,상담 질문 준비,상담,상품을 고르기 전에 확인할 질문 목록이 필요하다.,4,없음,예
69,20대,상담,모바일,보장 제외 조건,주의사항,기존 질환이 있으면 어떤 보장이 제외되는지 불안하다.,4,있음,예
70,30대,상담,모바일,보험료 비교,상품 비교,월 납입액과 보장 수준을 함께 비교할 수 있으면 좋겠다.,4,없음,아니오
71,30대,가입 검토,모바일,전문용어 이해,정보 이해,보험 용어가 너무 어려워서 무슨 뜻인지 모르겠다.,5,없음,예
72,20대,정보 탐색,웹,상담 정보 전달,상담,상담사에게 내 보험 상황을 매번 처음부터 설명해야 한다.,2,있음,예
73,20대,가입 검토,전화,보장 제외 조건,주의사항,보장되지 않는 조건이 설명서 뒤쪽에 있어 찾기 어렵다.,5,없음,예
74,20대,정보 탐색,오프라인,상담 정보 전달,상담,상담 전에 기본 정보를 정리해 상담 시간을 줄이고 싶다.,4,있음,아니오
75,20대,상품 비교,모바일,상담 정보 전달,상담,상담할 때 내가 궁금한 내용을 정리해서 전달하기 어렵다.,4,없음,예
76,30대,가입 검토,모바일,상품 보장 비교,상품 비교,어떤 상품의 보장 범위가 더 넓은지 모르겠다.,4,없음,아니오
77,20대,가입 검토,웹,상담 질문 준비,상담,내 상황에 맞는 상담 질문을 미리 준비하고 싶다.,4,없음,아니오
78,30대,가입 검토,웹,보장 범위 이해,정보 이해,보장 내용을 사례 중심의 쉬운 설명으로 보고 싶다.,4,있음,아니오
79,30대,가입 검토,전화,상담 질문 준비,상담,상담 전에 무엇을 물어봐야 할지 모르겠다.,3,있음,예
80,30대,상담,모바일,갱신 조건,주의사항,갱신형 상품의 장기 비용을 예측하기 어렵다.,4,없음,아니오
81,40대,가입 검토,모바일,보장 범위 이해,정보 이해,보장 내용을 사례 중심의 쉬운 설명으로 보고 싶다.,5,있음,예
82,20대,상품 비교,웹,보험료 비교,상품 비교,월 납입액과 보장 수준을 함께 비교할 수 있으면 좋겠다.,5,없음,아니오
83,30대,정보 탐색,모바일,보장 제외 조건,주의사항,보장되지 않는 조건이 설명서 뒤쪽에 있어 찾기 어렵다.,4,없음,아니오
84,30대,가입 검토,모바일,갱신 조건,주의사항,갱신 주기와 보험료 변동 조건을 찾기 어렵다.,5,있음,아니오
85,20대,가입 검토,모바일,갱신 조건,주의사항,갱신 주기와 보험료 변동 조건을 찾기 어렵다.,3,있음,예
86,50대 이상,상품 비교,모바일,갱신 조건,주의사항,갱신 주기와 보험료 변동 조건을 찾기 어렵다.,4,있음,아니오
87,40대,가입 검토,모바일,상담 정보 전달,상담,상담사에게 내 보험 상황을 매번 처음부터 설명해야 한다.,3,없음,예
88,50대 이상,가입 검토,웹,보장 범위 이해,정보 이해,이 상품이 어떤 상황을 보장하는지 한눈에 이해하기 어렵다.,5,있음,예
89,30대,상담,모바일,상담 질문 준비,상담,내 상황에 맞는 상담 질문을 미리 준비하고 싶다.,2,없음,아니오
90,30대,정보 탐색,모바일,상담 정보 전달,상담,상담사에게 내 보험 상황을 매번 처음부터 설명해야 한다.,4,없음,예
91,30대,가입 검토,모바일,보장 범위 이해,정보 이해,이 상품이 어떤 상황을 보장하는지 한눈에 이해하기 어렵다.,3,있음,예
92,30대,상담,모바일,상담 질문 준비,상담,상품을 고르기 전에 확인할 질문 목록이 필요하다.,3,있음,예
93,40대,상품 비교,웹,보장 제외 조건,주의사항,기존 질환이 있으면 어떤 보장이 제외되는지 불안하다.,5,없음,예
94,30대,상품 비교,모바일,보장 범위 이해,정보 이해,암 진단을 받으면 실제로 얼마를 받는지 모르겠다.,5,있음,아니오
95,20대,가입 검토,웹,전문용어 이해,정보 이해,갱신형과 비갱신형 같은 전문용어를 쉽게 설명해 줬으면 좋겠다.,3,없음,아니오
96,30대,상품 비교,모바일,상담 질문 준비,상담,상품을 고르기 전에 확인할 질문 목록이 필요하다.,2,없음,아니오
97,20대,상품 비교,전화,상담 질문 준비,상담,상품을 고르기 전에 확인할 질문 목록이 필요하다.,4,있음,아니오
98,40대,상담,오프라인,전문용어 이해,정보 이해,약관의 전문 표현을 일상적인 말로 바꿔서 보고 싶다.,5,있음,아니오
99,20대,상담,웹,전문용어 이해,정보 이해,약관의 전문 표현을 일상적인 말로 바꿔서 보고 싶다.,4,없음,예
100,40대,정보 탐색,오프라인,보장 범위 이해,정보 이해,보장 내용을 사례 중심의 쉬운 설명으로 보고 싶다.,4,없음,예
101,40대,가입 검토,모바일,보험료 비교,상품 비교,내 예산에 맞는 상품인지 보험료를 비교하기 어렵다.,4,있음,예
102,30대,가입 검토,웹,보험료 비교,상품 비교,보험료만 봐서는 가격 차이가 왜 나는지 모르겠다.,4,있음,아니오
103,50대 이상,정보 탐색,모바일,상품 보장 비교,상품 비교,상품별 보장 항목과 지급 조건을 나란히 보고 싶다.,4,있음,예
104,30대,정보 탐색,웹,상담 정보 전달,상담,상담 전에 기본 정보를 정리해 상담 시간을 줄이고 싶다.,3,있음,예
105,30대,상담,웹,보장 범위 이해,정보 이해,이 상품이 어떤 상황을 보장하는지 한눈에 이해하기 어렵다.,3,있음,예
106,30대,상담,모바일,상담 정보 전달,상담,상담 전에 기본 정보를 정리해 상담 시간을 줄이고 싶다.,4,없음,예
107,20대,상담,모바일,상품 보장 비교,상품 비교,상품 A와 상품 B의 보장 차이를 같은 기준으로 비교하기 어렵다.,4,없음,예
108,40대,가입 검토,모바일,보험료 비교,상품 비교,월 납입액과 보장 수준을 함께 비교할 수 있으면 좋겠다.,4,없음,아니오
109,30대,상품 비교,전화,보장 제외 조건,주의사항,기존 질환이 있으면 어떤 보장이 제외되는지 불안하다.,4,있음,아니오
110,20대,가입 검토,전화,상담 질문 준비,상담,상품을 고르기 전에 확인할 질문 목록이 필요하다.,4,있음,예
111,30대,가입 검토,웹,보험료 비교,상품 비교,내 예산에 맞는 상품인지 보험료를 비교하기 어렵다.,4,있음,아니오
112,50대 이상,상품 비교,웹,상담 질문 준비,상담,상담 전에 무엇을 물어봐야 할지 모르겠다.,3,없음,아니오
113,40대,상담,모바일,갱신 조건,주의사항,갱신 주기와 보험료 변동 조건을 찾기 어렵다.,5,없음,아니오
114,20대,가입 검토,전화,상담 정보 전달,상담,상담할 때 내가 궁금한 내용을 정리해서 전달하기 어렵다.,2,있음,예
115,30대,상품 비교,모바일,갱신 조건,주의사항,갱신형 상품의 장기 비용을 예측하기 어렵다.,4,있음,예
116,40대,상담,오프라인,상담 질문 준비,상담,상품을 고르기 전에 확인할 질문 목록이 필요하다.,4,있음,예
117,20대,가입 검토,오프라인,보장 제외 조건,주의사항,면책기간과 보장 제외 항목을 먼저 확인하고 싶다.,3,있음,예
118,40대,정보 탐색,모바일,상담 질문 준비,상담,상품을 고르기 전에 확인할 질문 목록이 필요하다.,3,없음,예
119,20대,가입 검토,모바일,상품 보장 비교,상품 비교,상품 A와 상품 B의 보장 차이를 같은 기준으로 비교하기 어렵다.,3,있음,예
120,20대,상담,웹,보장 범위 이해,정보 이해,이 상품이 어떤 상황을 보장하는지 한눈에 이해하기 어렵다.,4,없음,예
121,20대,가입 검토,웹,보험료 비교,상품 비교,월 납입액과 보장 수준을 함께 비교할 수 있으면 좋겠다.,4,없음,예
122,30대,가입 검토,웹,보험료 비교,상품 비교,월 납입액과 보장 수준을 함께 비교할 수 있으면 좋겠다.,5,있음,아니오
123,20대,상담,전화,상담 질문 준비,상담,상담 전에 무엇을 물어봐야 할지 모르겠다.,2,있음,아니오
124,50대 이상,가입 검토,모바일,보장 제외 조건,주의사항,면책기간과 보장 제외 항목을 먼저 확인하고 싶다.,4,있음,예
125,40대,정보 탐색,전화,보장 제외 조건,주의사항,면책기간과 보장 제외 항목을 먼저 확인하고 싶다.,4,있음,예
126,30대,상품 비교,웹,보장 제외 조건,주의사항,면책기간과 보장 제외 항목을 먼저 확인하고 싶다.,5,없음,예
127,40대,가입 검토,전화,상담 정보 전달,상담,상담사에게 내 보험 상황을 매번 처음부터 설명해야 한다.,4,있음,예
128,20대,상담,모바일,전문용어 이해,정보 이해,보험 용어가 너무 어려워서 무슨 뜻인지 모르겠다.,5,있음,아니오
129,20대,상담,오프라인,상담 질문 준비,상담,내 상황에 맞는 상담 질문을 미리 준비하고 싶다.,4,있음,예
130,20대,상품 비교,전화,보험료 비교,상품 비교,내 예산에 맞는 상품인지 보험료를 비교하기 어렵다.,5,있음,아니오
131,30대,가입 검토,웹,전문용어 이해,정보 이해,갱신형과 비갱신형 같은 전문용어를 쉽게 설명해 줬으면 좋겠다.,4,있음,아니오
132,50대 이상,정보 탐색,웹,상담 질문 준비,상담,내 상황에 맞는 상담 질문을 미리 준비하고 싶다.,2,있음,예
133,40대,상담,전화,보장 제외 조건,주의사항,기존 질환이 있으면 어떤 보장이 제외되는지 불안하다.,5,있음,예
134,50대 이상,가입 검토,오프라인,전문용어 이해,정보 이해,보험 용어가 너무 어려워서 무슨 뜻인지 모르겠다.,3,없음,예
135,30대,상담,웹,상품 보장 비교,상품 비교,어떤 상품의 보장 범위가 더 넓은지 모르겠다.,3,있음,예
136,30대,가입 검토,모바일,상담 질문 준비,상담,내 상황에 맞는 상담 질문을 미리 준비하고 싶다.,2,있음,아니오
137,40대,정보 탐색,오프라인,상담 정보 전달,상담,상담할 때 내가 궁금한 내용을 정리해서 전달하기 어렵다.,4,있음,예
138,20대,정보 탐색,오프라인,상품 보장 비교,상품 비교,상품별 보장 항목과 지급 조건을 나란히 보고 싶다.,3,없음,예
139,30대,상품 비교,전화,전문용어 이해,정보 이해,보험 용어가 너무 어려워서 무슨 뜻인지 모르겠다.,3,없음,예
140,20대,상품 비교,전화,상담 질문 준비,상담,상품을 고르기 전에 확인할 질문 목록이 필요하다.,2,있음,예
141,30대,상품 비교,모바일,상담 정보 전달,상담,상담사에게 내 보험 상황을 매번 처음부터 설명해야 한다.,2,없음,아니오
142,20대,가입 검토,모바일,상담 질문 준비,상담,내 상황에 맞는 상담 질문을 미리 준비하고 싶다.,2,없음,아니오
143,40대,상담,모바일,보험료 비교,상품 비교,월 납입액과 보장 수준을 함께 비교할 수 있으면 좋겠다.,5,없음,아니오
144,50대 이상,정보 탐색,웹,보험료 비교,상품 비교,내 예산에 맞는 상품인지 보험료를 비교하기 어렵다.,5,있음,아니오
145,20대,상담,전화,보장 제외 조건,주의사항,기존 질환이 있으면 어떤 보장이 제외되는지 불안하다.,5,없음,아니오
146,30대,정보 탐색,모바일,갱신 조건,주의사항,갱신 시 보험료가 얼마나 오를 수 있는지 명확히 알고 싶다.,3,없음,아니오
147,30대,가입 검토,모바일,보장 제외 조건,주의사항,면책기간과 보장 제외 항목을 먼저 확인하고 싶다.,5,있음,아니오
148,30대,정보 탐색,전화,보험료 비교,상품 비교,내 예산에 맞는 상품인지 보험료를 비교하기 어렵다.,5,없음,아니오
149,20대,가입 검토,전화,보험료 비교,상품 비교,월 납입액과 보장 수준을 함께 비교할 수 있으면 좋겠다.,4,없음,아니오
150,40대,가입 검토,오프라인,보험료 비교,상품 비교,내 예산에 맞는 상품인지 보험료를 비교하기 어렵다.,4,없음,예
151,20대,정보 탐색,웹,상담 질문 준비,상담,내 상황에 맞는 상담 질문을 미리 준비하고 싶다.,2,없음,아니오
152,30대,상담,전화,갱신 조건,주의사항,갱신 주기와 보험료 변동 조건을 찾기 어렵다.,3,있음,아니오
153,30대,상품 비교,모바일,상품 보장 비교,상품 비교,상품별 보장 항목과 지급 조건을 나란히 보고 싶다.,3,없음,아니오
154,30대,가입 검토,웹,상담 질문 준비,상담,내 상황에 맞는 상담 질문을 미리 준비하고 싶다.,4,없음,아니오
155,20대,가입 검토,오프라인,전문용어 이해,정보 이해,갱신형과 비갱신형 같은 전문용어를 쉽게 설명해 줬으면 좋겠다.,3,없음,예
156,30대,상품 비교,웹,보장 제외 조건,주의사항,보장되지 않는 조건이 설명서 뒤쪽에 있어 찾기 어렵다.,3,없음,아니오
157,30대,가입 검토,모바일,보험료 비교,상품 비교,월 납입액과 보장 수준을 함께 비교할 수 있으면 좋겠다.,5,없음,예
158,40대,정보 탐색,웹,보장 범위 이해,정보 이해,암 진단을 받으면 실제로 얼마를 받는지 모르겠다.,4,있음,아니오
159,30대,상품 비교,웹,보장 제외 조건,주의사항,보장되지 않는 조건이 설명서 뒤쪽에 있어 찾기 어렵다.,4,있음,예
160,40대,상담,웹,상품 보장 비교,상품 비교,상품별 보장 항목과 지급 조건을 나란히 보고 싶다.,3,없음,아니오
161,20대,상품 비교,모바일,상담 정보 전달,상담,상담사에게 내 보험 상황을 매번 처음부터 설명해야 한다.,2,있음,아니오
162,20대,상담,모바일,상품 보장 비교,상품 비교,상품별 보장 항목과 지급 조건을 나란히 보고 싶다.,5,없음,아니오
163,50대 이상,정보 탐색,모바일,전문용어 이해,정보 이해,갱신형과 비갱신형 같은 전문용어를 쉽게 설명해 줬으면 좋겠다.,3,있음,아니오
164,40대,상담,모바일,보장 제외 조건,주의사항,기존 질환이 있으면 어떤 보장이 제외되는지 불안하다.,3,있음,예
165,30대,가입 검토,모바일,상담 질문 준비,상담,상담 전에 무엇을 물어봐야 할지 모르겠다.,2,있음,아니오
166,30대,가입 검토,웹,보험료 비교,상품 비교,보험료만 봐서는 가격 차이가 왜 나는지 모르겠다.,4,없음,예
167,20대,상품 비교,전화,보험료 비교,상품 비교,월 납입액과 보장 수준을 함께 비교할 수 있으면 좋겠다.,4,없음,예
168,20대,상품 비교,웹,전문용어 이해,정보 이해,약관의 전문 표현을 일상적인 말로 바꿔서 보고 싶다.,3,없음,아니오
169,30대,상담,웹,보험료 비교,상품 비교,내 예산에 맞는 상품인지 보험료를 비교하기 어렵다.,5,있음,아니오
170,20대,상담,웹,보장 범위 이해,정보 이해,암 진단을 받으면 실제로 얼마를 받는지 모르겠다.,5,없음,아니오
171,20대,상담,모바일,보험료 비교,상품 비교,월 납입액과 보장 수준을 함께 비교할 수 있으면 좋겠다.,4,없음,예
172,30대,상담,웹,보장 제외 조건,주의사항,면책기간과 보장 제외 항목을 먼저 확인하고 싶다.,3,있음,예
173,30대,상품 비교,오프라인,상품 보장 비교,상품 비교,상품별 보장 항목과 지급 조건을 나란히 보고 싶다.,3,있음,예
174,20대,상품 비교,웹,보험료 비교,상품 비교,월 납입액과 보장 수준을 함께 비교할 수 있으면 좋겠다.,5,없음,아니오
175,20대,상담,전화,상품 보장 비교,상품 비교,어떤 상품의 보장 범위가 더 넓은지 모르겠다.,5,없음,아니오
176,20대,상담,모바일,전문용어 이해,정보 이해,약관의 전문 표현을 일상적인 말로 바꿔서 보고 싶다.,5,없음,아니오
177,40대,가입 검토,모바일,전문용어 이해,정보 이해,약관의 전문 표현을 일상적인 말로 바꿔서 보고 싶다.,5,있음,예
178,50대 이상,가입 검토,웹,보장 제외 조건,주의사항,면책기간과 보장 제외 항목을 먼저 확인하고 싶다.,4,없음,예
179,30대,가입 검토,모바일,보장 제외 조건,주의사항,기존 질환이 있으면 어떤 보장이 제외되는지 불안하다.,3,없음,아니오
180,30대,상품 비교,오프라인,상담 정보 전달,상담,상담사에게 내 보험 상황을 매번 처음부터 설명해야 한다.,2,있음,예
181,30대,정보 탐색,웹,보험료 비교,상품 비교,내 예산에 맞는 상품인지 보험료를 비교하기 어렵다.,3,있음,예
182,40대,상품 비교,웹,보장 범위 이해,정보 이해,이 상품이 어떤 상황을 보장하는지 한눈에 이해하기 어렵다.,4,있음,예
183,30대,상담,모바일,상담 정보 전달,상담,상담사에게 내 보험 상황을 매번 처음부터 설명해야 한다.,3,있음,예
184,50대 이상,상담,모바일,상품 보장 비교,상품 비교,상품별 보장 항목과 지급 조건을 나란히 보고 싶다.,4,있음,예
185,40대,상품 비교,전화,상담 질문 준비,상담,상담 전에 무엇을 물어봐야 할지 모르겠다.,4,있음,아니오
186,20대,정보 탐색,모바일,보장 제외 조건,주의사항,보장되지 않는 조건이 설명서 뒤쪽에 있어 찾기 어렵다.,4,있음,예
187,20대,상품 비교,전화,상담 질문 준비,상담,내 상황에 맞는 상담 질문을 미리 준비하고 싶다.,2,있음,예
188,30대,상담,오프라인,상품 보장 비교,상품 비교,상품별 보장 항목과 지급 조건을 나란히 보고 싶다.,3,없음,아니오
189,40대,가입 검토,전화,상담 정보 전달,상담,상담사에게 내 보험 상황을 매번 처음부터 설명해야 한다.,2,있음,아니오
190,20대,상담,모바일,갱신 조건,주의사항,갱신 시 보험료가 얼마나 오를 수 있는지 명확히 알고 싶다.,3,없음,아니오
191,20대,상담,모바일,보장 범위 이해,정보 이해,암 진단을 받으면 실제로 얼마를 받는지 모르겠다.,3,있음,예
192,30대,상담,모바일,전문용어 이해,정보 이해,갱신형과 비갱신형 같은 전문용어를 쉽게 설명해 줬으면 좋겠다.,5,없음,예
193,20대,정보 탐색,웹,갱신 조건,주의사항,갱신 시 보험료가 얼마나 오를 수 있는지 명확히 알고 싶다.,5,있음,예
194,20대,가입 검토,모바일,갱신 조건,주의사항,갱신 주기와 보험료 변동 조건을 찾기 어렵다.,5,없음,아니오
195,20대,상담,오프라인,상담 질문 준비,상담,내 상황에 맞는 상담 질문을 미리 준비하고 싶다.,4,없음,아니오
196,30대,정보 탐색,전화,상담 질문 준비,상담,상품을 고르기 전에 확인할 질문 목록이 필요하다.,3,없음,예
197,30대,상품 비교,전화,상품 보장 비교,상품 비교,어떤 상품의 보장 범위가 더 넓은지 모르겠다.,4,있음,예
198,20대,상담,모바일,상담 질문 준비,상담,상담 전에 무엇을 물어봐야 할지 모르겠다.,2,없음,예
199,20대,상담,오프라인,상품 보장 비교,상품 비교,어떤 상품의 보장 범위가 더 넓은지 모르겠다.,4,있음,예
200,20대,가입 검토,전화,갱신 조건,주의사항,갱신 시 보험료가 얼마나 오를 수 있는지 명확히 알고 싶다.,5,있음,아니오
201,30대,상담,웹,전문용어 이해,정보 이해,갱신형과 비갱신형 같은 전문용어를 쉽게 설명해 줬으면 좋겠다.,4,없음,아니오
202,30대,가입 검토,전화,갱신 조건,주의사항,갱신 주기와 보험료 변동 조건을 찾기 어렵다.,4,없음,아니오
203,40대,가입 검토,모바일,보장 제외 조건,주의사항,보장되지 않는 조건이 설명서 뒤쪽에 있어 찾기 어렵다.,4,있음,아니오
204,40대,상품 비교,웹,보험료 비교,상품 비교,월 납입액과 보장 수준을 함께 비교할 수 있으면 좋겠다.,4,없음,아니오
205,30대,정보 탐색,모바일,보장 제외 조건,주의사항,면책기간과 보장 제외 항목을 먼저 확인하고 싶다.,4,있음,예
206,20대,상담,모바일,상담 정보 전달,상담,상담사에게 내 보험 상황을 매번 처음부터 설명해야 한다.,2,있음,아니오
207,30대,상품 비교,웹,상품 보장 비교,상품 비교,상품별 보장 항목과 지급 조건을 나란히 보고 싶다.,4,있음,예
208,30대,상담,모바일,보장 제외 조건,주의사항,기존 질환이 있으면 어떤 보장이 제외되는지 불안하다.,3,없음,예
209,30대,상담,전화,갱신 조건,주의사항,갱신 시 보험료가 얼마나 오를 수 있는지 명확히 알고 싶다.,4,있음,아니오
210,30대,상담,모바일,보장 범위 이해,정보 이해,이 상품이 어떤 상황을 보장하는지 한눈에 이해하기 어렵다.,3,있음,예
211,30대,정보 탐색,전화,상담 정보 전달,상담,상담할 때 내가 궁금한 내용을 정리해서 전달하기 어렵다.,4,있음,예
212,20대,가입 검토,전화,보장 제외 조건,주의사항,면책기간과 보장 제외 항목을 먼저 확인하고 싶다.,5,없음,아니오
213,20대,상품 비교,전화,보험료 비교,상품 비교,보험료만 봐서는 가격 차이가 왜 나는지 모르겠다.,4,없음,아니오
214,30대,상품 비교,웹,보장 제외 조건,주의사항,보장되지 않는 조건이 설명서 뒤쪽에 있어 찾기 어렵다.,3,있음,아니오
215,40대,상담,전화,상담 정보 전달,상담,상담 전에 기본 정보를 정리해 상담 시간을 줄이고 싶다.,2,없음,아니오
216,30대,가입 검토,모바일,보장 제외 조건,주의사항,면책기간과 보장 제외 항목을 먼저 확인하고 싶다.,5,없음,예
217,50대 이상,정보 탐색,전화,보험료 비교,상품 비교,내 예산에 맞는 상품인지 보험료를 비교하기 어렵다.,3,있음,예
218,50대 이상,상품 비교,모바일,보장 범위 이해,정보 이해,보장 내용을 사례 중심의 쉬운 설명으로 보고 싶다.,4,없음,아니오
219,50대 이상,가입 검토,모바일,보장 범위 이해,정보 이해,암 진단을 받으면 실제로 얼마를 받는지 모르겠다.,5,없음,예
220,30대,상품 비교,웹,보장 제외 조건,주의사항,면책기간과 보장 제외 항목을 먼저 확인하고 싶다.,5,있음,예
221,20대,정보 탐색,오프라인,상담 질문 준비,상담,상품을 고르기 전에 확인할 질문 목록이 필요하다.,3,없음,아니오
222,20대,가입 검토,웹,보장 제외 조건,주의사항,기존 질환이 있으면 어떤 보장이 제외되는지 불안하다.,4,없음,아니오
223,20대,정보 탐색,모바일,상품 보장 비교,상품 비교,상품별 보장 항목과 지급 조건을 나란히 보고 싶다.,4,있음,예
224,20대,가입 검토,웹,상품 보장 비교,상품 비교,상품별 보장 항목과 지급 조건을 나란히 보고 싶다.,4,없음,아니오
225,20대,상품 비교,모바일,보험료 비교,상품 비교,월 납입액과 보장 수준을 함께 비교할 수 있으면 좋겠다.,4,없음,예
226,20대,상담,전화,전문용어 이해,정보 이해,갱신형과 비갱신형 같은 전문용어를 쉽게 설명해 줬으면 좋겠다.,3,없음,아니오
227,40대,상품 비교,전화,상담 정보 전달,상담,상담할 때 내가 궁금한 내용을 정리해서 전달하기 어렵다.,4,있음,아니오
228,30대,정보 탐색,오프라인,상담 질문 준비,상담,상품을 고르기 전에 확인할 질문 목록이 필요하다.,3,없음,예
229,20대,가입 검토,웹,보장 제외 조건,주의사항,면책기간과 보장 제외 항목을 먼저 확인하고 싶다.,5,있음,아니오
230,40대,상담,모바일,보장 제외 조건,주의사항,기존 질환이 있으면 어떤 보장이 제외되는지 불안하다.,5,있음,아니오
231,30대,상품 비교,모바일,상품 보장 비교,상품 비교,상품별 보장 항목과 지급 조건을 나란히 보고 싶다.,3,있음,아니오
232,20대,정보 탐색,모바일,상담 질문 준비,상담,상담 전에 무엇을 물어봐야 할지 모르겠다.,3,있음,아니오
233,30대,상품 비교,모바일,보장 제외 조건,주의사항,면책기간과 보장 제외 항목을 먼저 확인하고 싶다.,4,없음,예
234,40대,상담,웹,전문용어 이해,정보 이해,보험 용어가 너무 어려워서 무슨 뜻인지 모르겠다.,5,없음,아니오
235,20대,상담,오프라인,상담 정보 전달,상담,상담 전에 기본 정보를 정리해 상담 시간을 줄이고 싶다.,3,있음,아니오
236,20대,정보 탐색,모바일,갱신 조건,주의사항,갱신 주기와 보험료 변동 조건을 찾기 어렵다.,3,있음,아니오
237,40대,정보 탐색,웹,상담 질문 준비,상담,내 상황에 맞는 상담 질문을 미리 준비하고 싶다.,4,없음,예
238,20대,상담,모바일,보장 제외 조건,주의사항,면책기간과 보장 제외 항목을 먼저 확인하고 싶다.,3,없음,예
239,30대,상담,모바일,보장 범위 이해,정보 이해,보장 내용을 사례 중심의 쉬운 설명으로 보고 싶다.,3,있음,아니오
240,40대,정보 탐색,웹,상담 질문 준비,상담,상품을 고르기 전에 확인할 질문 목록이 필요하다.,2,있음,아니오
241,20대,상품 비교,모바일,보험료 비교,상품 비교,내 예산에 맞는 상품인지 보험료를 비교하기 어렵다.,4,있음,아니오
242,20대,상품 비교,모바일,보장 제외 조건,주의사항,기존 질환이 있으면 어떤 보장이 제외되는지 불안하다.,3,있음,아니오
243,40대,상담,모바일,갱신 조건,주의사항,갱신형 상품의 장기 비용을 예측하기 어렵다.,5,있음,아니오
244,40대,상담,전화,전문용어 이해,정보 이해,갱신형과 비갱신형 같은 전문용어를 쉽게 설명해 줬으면 좋겠다.,4,없음,아니오
245,50대 이상,정보 탐색,모바일,전문용어 이해,정보 이해,갱신형과 비갱신형 같은 전문용어를 쉽게 설명해 줬으면 좋겠다.,5,있음,아니오
246,40대,가입 검토,오프라인,보장 범위 이해,정보 이해,보장 내용을 사례 중심의 쉬운 설명으로 보고 싶다.,4,없음,예
247,30대,상품 비교,모바일,보장 제외 조건,주의사항,면책기간과 보장 제외 항목을 먼저 확인하고 싶다.,3,없음,예
248,30대,상담,모바일,전문용어 이해,정보 이해,보험 용어가 너무 어려워서 무슨 뜻인지 모르겠다.,3,없음,아니오
249,50대 이상,상담,모바일,갱신 조건,주의사항,갱신 시 보험료가 얼마나 오를 수 있는지 명확히 알고 싶다.,4,있음,아니오
250,50대 이상,정보 탐색,웹,보장 제외 조건,주의사항,보장되지 않는 조건이 설명서 뒤쪽에 있어 찾기 어렵다.,5,없음,예
251,40대,정보 탐색,오프라인,보험료 비교,상품 비교,월 납입액과 보장 수준을 함께 비교할 수 있으면 좋겠다.,4,없음,아니오
252,20대,정보 탐색,오프라인,상담 질문 준비,상담,내 상황에 맞는 상담 질문을 미리 준비하고 싶다.,3,있음,아니오
253,20대,상담,모바일,상담 정보 전달,상담,상담사에게 내 보험 상황을 매번 처음부터 설명해야 한다.,3,없음,아니오
254,40대,정보 탐색,웹,보장 제외 조건,주의사항,기존 질환이 있으면 어떤 보장이 제외되는지 불안하다.,5,없음,예
255,40대,상담,전화,보장 제외 조건,주의사항,면책기간과 보장 제외 항목을 먼저 확인하고 싶다.,4,없음,아니오
256,20대,상품 비교,모바일,갱신 조건,주의사항,갱신 시 보험료가 얼마나 오를 수 있는지 명확히 알고 싶다.,3,있음,아니오
257,40대,가입 검토,모바일,보장 범위 이해,정보 이해,보장 내용을 사례 중심의 쉬운 설명으로 보고 싶다.,5,없음,아니오
258,40대,정보 탐색,웹,갱신 조건,주의사항,갱신형 상품의 장기 비용을 예측하기 어렵다.,4,없음,아니오
259,50대 이상,가입 검토,웹,갱신 조건,주의사항,갱신 주기와 보험료 변동 조건을 찾기 어렵다.,4,있음,예
260,20대,상품 비교,모바일,보장 범위 이해,정보 이해,보장 내용을 사례 중심의 쉬운 설명으로 보고 싶다.,4,있음,아니오
261,40대,상품 비교,전화,갱신 조건,주의사항,갱신 주기와 보험료 변동 조건을 찾기 어렵다.,5,없음,아니오
262,30대,정보 탐색,모바일,보험료 비교,상품 비교,내 예산에 맞는 상품인지 보험료를 비교하기 어렵다.,5,없음,예
263,40대,상담,모바일,보장 범위 이해,정보 이해,이 상품이 어떤 상황을 보장하는지 한눈에 이해하기 어렵다.,5,있음,예
264,30대,정보 탐색,모바일,상담 정보 전달,상담,상담 전에 기본 정보를 정리해 상담 시간을 줄이고 싶다.,3,있음,예
265,40대,가입 검토,웹,보장 제외 조건,주의사항,기존 질환이 있으면 어떤 보장이 제외되는지 불안하다.,4,없음,예
266,20대,가입 검토,웹,보장 제외 조건,주의사항,면책기간과 보장 제외 항목을 먼저 확인하고 싶다.,3,없음,아니오
267,30대,상품 비교,전화,전문용어 이해,정보 이해,약관의 전문 표현을 일상적인 말로 바꿔서 보고 싶다.,5,있음,아니오
268,30대,상담,모바일,상담 정보 전달,상담,상담 전에 기본 정보를 정리해 상담 시간을 줄이고 싶다.,4,없음,아니오
269,50대 이상,상담,웹,전문용어 이해,정보 이해,약관의 전문 표현을 일상적인 말로 바꿔서 보고 싶다.,3,없음,예
270,30대,상담,웹,상담 정보 전달,상담,상담사에게 내 보험 상황을 매번 처음부터 설명해야 한다.,2,있음,아니오
271,20대,정보 탐색,모바일,보장 범위 이해,정보 이해,보장 내용을 사례 중심의 쉬운 설명으로 보고 싶다.,4,없음,예
272,20대,정보 탐색,모바일,보장 범위 이해,정보 이해,보장 내용을 사례 중심의 쉬운 설명으로 보고 싶다.,5,없음,예
273,30대,상품 비교,웹,갱신 조건,주의사항,갱신 시 보험료가 얼마나 오를 수 있는지 명확히 알고 싶다.,3,있음,예
274,40대,가입 검토,웹,상담 질문 준비,상담,상품을 고르기 전에 확인할 질문 목록이 필요하다.,3,없음,아니오
275,50대 이상,상품 비교,모바일,상담 질문 준비,상담,내 상황에 맞는 상담 질문을 미리 준비하고 싶다.,2,없음,아니오
276,20대,가입 검토,오프라인,보장 제외 조건,주의사항,면책기간과 보장 제외 항목을 먼저 확인하고 싶다.,4,있음,아니오
277,20대,상품 비교,웹,상품 보장 비교,상품 비교,상품별 보장 항목과 지급 조건을 나란히 보고 싶다.,3,없음,아니오
278,20대,상담,전화,상담 질문 준비,상담,상품을 고르기 전에 확인할 질문 목록이 필요하다.,3,있음,예
279,20대,가입 검토,웹,상품 보장 비교,상품 비교,상품별 보장 항목과 지급 조건을 나란히 보고 싶다.,4,없음,예
280,30대,정보 탐색,전화,전문용어 이해,정보 이해,보험 용어가 너무 어려워서 무슨 뜻인지 모르겠다.,5,없음,아니오
281,50대 이상,가입 검토,오프라인,보장 범위 이해,정보 이해,이 상품이 어떤 상황을 보장하는지 한눈에 이해하기 어렵다.,3,없음,예
282,40대,상품 비교,웹,갱신 조건,주의사항,갱신 주기와 보험료 변동 조건을 찾기 어렵다.,3,있음,예
283,40대,상담,모바일,보장 제외 조건,주의사항,면책기간과 보장 제외 항목을 먼저 확인하고 싶다.,4,있음,아니오
284,50대 이상,상담,모바일,상품 보장 비교,상품 비교,어떤 상품의 보장 범위가 더 넓은지 모르겠다.,4,있음,예
285,30대,상품 비교,웹,상품 보장 비교,상품 비교,상품 A와 상품 B의 보장 차이를 같은 기준으로 비교하기 어렵다.,4,있음,아니오
286,30대,상담,웹,보장 범위 이해,정보 이해,이 상품이 어떤 상황을 보장하는지 한눈에 이해하기 어렵다.,4,있음,아니오
287,30대,상담,모바일,상담 질문 준비,상담,상품을 고르기 전에 확인할 질문 목록이 필요하다.,3,없음,예
288,30대,정보 탐색,웹,갱신 조건,주의사항,갱신 시 보험료가 얼마나 오를 수 있는지 명확히 알고 싶다.,5,없음,예
289,40대,상품 비교,모바일,보험료 비교,상품 비교,보험료만 봐서는 가격 차이가 왜 나는지 모르겠다.,3,없음,아니오
290,30대,상담,웹,상품 보장 비교,상품 비교,상품 A와 상품 B의 보장 차이를 같은 기준으로 비교하기 어렵다.,3,있음,예
291,40대,가입 검토,모바일,전문용어 이해,정보 이해,약관의 전문 표현을 일상적인 말로 바꿔서 보고 싶다.,5,있음,예
292,20대,상품 비교,모바일,전문용어 이해,정보 이해,약관의 전문 표현을 일상적인 말로 바꿔서 보고 싶다.,5,있음,아니오
293,30대,가입 검토,오프라인,보장 범위 이해,정보 이해,암 진단을 받으면 실제로 얼마를 받는지 모르겠다.,5,없음,예
294,40대,정보 탐색,웹,상품 보장 비교,상품 비교,어떤 상품의 보장 범위가 더 넓은지 모르겠다.,3,없음,아니오
295,30대,정보 탐색,웹,상품 보장 비교,상품 비교,어떤 상품의 보장 범위가 더 넓은지 모르겠다.,3,없음,아니오
296,40대,가입 검토,웹,상담 질문 준비,상담,상담 전에 무엇을 물어봐야 할지 모르겠다.,4,없음,예
297,50대 이상,상담,모바일,보장 범위 이해,정보 이해,이 상품이 어떤 상황을 보장하는지 한눈에 이해하기 어렵다.,5,있음,예
298,40대,정보 탐색,오프라인,보장 범위 이해,정보 이해,보장 내용을 사례 중심의 쉬운 설명으로 보고 싶다.,3,있음,예
299,30대,상담,웹,상품 보장 비교,상품 비교,어떤 상품의 보장 범위가 더 넓은지 모르겠다.,4,있음,예
300,40대,정보 탐색,웹,상담 질문 준비,상담,내 상황에 맞는 상담 질문을 미리 준비하고 싶다.,2,없음,아니오
301,20대,상담,오프라인,보장 범위 이해,정보 이해,암 진단을 받으면 실제로 얼마를 받는지 모르겠다.,3,있음,아니오
302,30대,상담,모바일,보험료 비교,상품 비교,내 예산에 맞는 상품인지 보험료를 비교하기 어렵다.,5,있음,예
303,20대,상품 비교,웹,상담 질문 준비,상담,상담 전에 무엇을 물어봐야 할지 모르겠다.,3,없음,아니오
304,40대,상담,모바일,갱신 조건,주의사항,갱신 시 보험료가 얼마나 오를 수 있는지 명확히 알고 싶다.,3,없음,아니오
305,40대,정보 탐색,모바일,보험료 비교,상품 비교,보험료만 봐서는 가격 차이가 왜 나는지 모르겠다.,4,있음,아니오
306,20대,정보 탐색,웹,전문용어 이해,정보 이해,갱신형과 비갱신형 같은 전문용어를 쉽게 설명해 줬으면 좋겠다.,4,없음,아니오
307,40대,상품 비교,웹,보험료 비교,상품 비교,보험료만 봐서는 가격 차이가 왜 나는지 모르겠다.,5,있음,예
308,20대,상담,모바일,전문용어 이해,정보 이해,보험 용어가 너무 어려워서 무슨 뜻인지 모르겠다.,4,있음,아니오
309,40대,가입 검토,모바일,상품 보장 비교,상품 비교,상품 A와 상품 B의 보장 차이를 같은 기준으로 비교하기 어렵다.,5,있음,예
310,20대,정보 탐색,오프라인,보험료 비교,상품 비교,월 납입액과 보장 수준을 함께 비교할 수 있으면 좋겠다.,5,있음,아니오
311,30대,상품 비교,모바일,보험료 비교,상품 비교,내 예산에 맞는 상품인지 보험료를 비교하기 어렵다.,5,없음,아니오
312,50대 이상,가입 검토,모바일,상품 보장 비교,상품 비교,어떤 상품의 보장 범위가 더 넓은지 모르겠다.,5,있음,예
313,20대,상담,모바일,상품 보장 비교,상품 비교,어떤 상품의 보장 범위가 더 넓은지 모르겠다.,3,없음,예
314,30대,상품 비교,모바일,상담 정보 전달,상담,상담할 때 내가 궁금한 내용을 정리해서 전달하기 어렵다.,4,없음,아니오
315,20대,가입 검토,모바일,갱신 조건,주의사항,갱신 주기와 보험료 변동 조건을 찾기 어렵다.,3,있음,아니오
316,50대 이상,상담,웹,전문용어 이해,정보 이해,약관의 전문 표현을 일상적인 말로 바꿔서 보고 싶다.,5,있음,예
317,30대,정보 탐색,모바일,상담 질문 준비,상담,상담 전에 무엇을 물어봐야 할지 모르겠다.,4,있음,예
318,20대,상담,오프라인,보장 제외 조건,주의사항,기존 질환이 있으면 어떤 보장이 제외되는지 불안하다.,4,없음,예
319,20대,상품 비교,모바일,전문용어 이해,정보 이해,갱신형과 비갱신형 같은 전문용어를 쉽게 설명해 줬으면 좋겠다.,4,없음,아니오
320,30대,가입 검토,모바일,상담 정보 전달,상담,상담사에게 내 보험 상황을 매번 처음부터 설명해야 한다.,2,없음,아니오
321,30대,상품 비교,웹,상품 보장 비교,상품 비교,상품별 보장 항목과 지급 조건을 나란히 보고 싶다.,4,없음,아니오
322,30대,정보 탐색,모바일,갱신 조건,주의사항,갱신 주기와 보험료 변동 조건을 찾기 어렵다.,3,없음,아니오
323,40대,상품 비교,오프라인,보장 제외 조건,주의사항,면책기간과 보장 제외 항목을 먼저 확인하고 싶다.,3,없음,예
324,30대,상담,모바일,상품 보장 비교,상품 비교,상품별 보장 항목과 지급 조건을 나란히 보고 싶다.,5,없음,예
325,30대,정보 탐색,웹,보장 제외 조건,주의사항,보장되지 않는 조건이 설명서 뒤쪽에 있어 찾기 어렵다.,4,있음,아니오
326,20대,가입 검토,웹,전문용어 이해,정보 이해,보험 용어가 너무 어려워서 무슨 뜻인지 모르겠다.,5,없음,예
327,20대,정보 탐색,모바일,상품 보장 비교,상품 비교,상품별 보장 항목과 지급 조건을 나란히 보고 싶다.,5,있음,아니오
328,30대,가입 검토,모바일,보장 제외 조건,주의사항,기존 질환이 있으면 어떤 보장이 제외되는지 불안하다.,5,없음,아니오
329,30대,상품 비교,모바일,상담 정보 전달,상담,상담사에게 내 보험 상황을 매번 처음부터 설명해야 한다.,3,없음,예
330,20대,상담,모바일,상품 보장 비교,상품 비교,상품 A와 상품 B의 보장 차이를 같은 기준으로 비교하기 어렵다.,5,있음,아니오
331,40대,상품 비교,웹,보장 범위 이해,정보 이해,암 진단을 받으면 실제로 얼마를 받는지 모르겠다.,4,없음,예
332,30대,정보 탐색,전화,상품 보장 비교,상품 비교,상품 A와 상품 B의 보장 차이를 같은 기준으로 비교하기 어렵다.,4,없음,예
333,50대 이상,상담,모바일,상담 질문 준비,상담,내 상황에 맞는 상담 질문을 미리 준비하고 싶다.,3,있음,아니오
334,30대,상품 비교,모바일,보장 범위 이해,정보 이해,암 진단을 받으면 실제로 얼마를 받는지 모르겠다.,3,있음,예
335,30대,상담,웹,상담 질문 준비,상담,상담 전에 무엇을 물어봐야 할지 모르겠다.,4,없음,아니오
336,40대,가입 검토,웹,상담 질문 준비,상담,상담 전에 무엇을 물어봐야 할지 모르겠다.,4,있음,예
337,20대,상품 비교,모바일,상담 정보 전달,상담,상담사에게 내 보험 상황을 매번 처음부터 설명해야 한다.,3,있음,아니오
338,20대,정보 탐색,전화,상담 질문 준비,상담,상담 전에 무엇을 물어봐야 할지 모르겠다.,2,있음,아니오
339,20대,상품 비교,전화,보장 범위 이해,정보 이해,이 상품이 어떤 상황을 보장하는지 한눈에 이해하기 어렵다.,5,있음,아니오
340,20대,가입 검토,모바일,보장 제외 조건,주의사항,기존 질환이 있으면 어떤 보장이 제외되는지 불안하다.,5,없음,예
341,40대,정보 탐색,오프라인,상담 정보 전달,상담,상담 전에 기본 정보를 정리해 상담 시간을 줄이고 싶다.,2,없음,예
342,30대,상품 비교,전화,보장 범위 이해,정보 이해,보장 내용을 사례 중심의 쉬운 설명으로 보고 싶다.,4,있음,예
343,20대,상담,모바일,보장 제외 조건,주의사항,보장되지 않는 조건이 설명서 뒤쪽에 있어 찾기 어렵다.,5,없음,아니오
344,20대,가입 검토,모바일,보험료 비교,상품 비교,월 납입액과 보장 수준을 함께 비교할 수 있으면 좋겠다.,4,없음,예
345,30대,가입 검토,전화,갱신 조건,주의사항,갱신 주기와 보험료 변동 조건을 찾기 어렵다.,4,없음,아니오
346,30대,가입 검토,전화,상담 질문 준비,상담,내 상황에 맞는 상담 질문을 미리 준비하고 싶다.,4,없음,아니오
347,50대 이상,정보 탐색,모바일,상담 질문 준비,상담,상품을 고르기 전에 확인할 질문 목록이 필요하다.,3,없음,예
348,20대,상담,모바일,상담 정보 전달,상담,상담할 때 내가 궁금한 내용을 정리해서 전달하기 어렵다.,2,없음,아니오
349,50대 이상,가입 검토,모바일,보장 범위 이해,정보 이해,암 진단을 받으면 실제로 얼마를 받는지 모르겠다.,4,없음,아니오
350,40대,정보 탐색,모바일,갱신 조건,주의사항,갱신형 상품의 장기 비용을 예측하기 어렵다.,5,없음,아니오
351,40대,정보 탐색,모바일,갱신 조건,주의사항,갱신 시 보험료가 얼마나 오를 수 있는지 명확히 알고 싶다.,3,없음,아니오
352,40대,정보 탐색,오프라인,전문용어 이해,정보 이해,갱신형과 비갱신형 같은 전문용어를 쉽게 설명해 줬으면 좋겠다.,5,없음,아니오
353,30대,정보 탐색,모바일,전문용어 이해,정보 이해,갱신형과 비갱신형 같은 전문용어를 쉽게 설명해 줬으면 좋겠다.,4,없음,아니오
354,40대,상품 비교,웹,상담 질문 준비,상담,상품을 고르기 전에 확인할 질문 목록이 필요하다.,2,없음,예
355,20대,가입 검토,웹,보장 제외 조건,주의사항,면책기간과 보장 제외 항목을 먼저 확인하고 싶다.,5,없음,아니오
356,30대,상품 비교,모바일,보장 제외 조건,주의사항,보장되지 않는 조건이 설명서 뒤쪽에 있어 찾기 어렵다.,3,없음,아니오
357,30대,상품 비교,모바일,상품 보장 비교,상품 비교,어떤 상품의 보장 범위가 더 넓은지 모르겠다.,3,없음,아니오
358,40대,가입 검토,모바일,상담 질문 준비,상담,상품을 고르기 전에 확인할 질문 목록이 필요하다.,4,없음,아니오
359,20대,상품 비교,웹,상품 보장 비교,상품 비교,상품 A와 상품 B의 보장 차이를 같은 기준으로 비교하기 어렵다.,3,있음,예
360,50대 이상,가입 검토,오프라인,보험료 비교,상품 비교,보험료만 봐서는 가격 차이가 왜 나는지 모르겠다.,4,있음,아니오
361,20대,상담,오프라인,보장 제외 조건,주의사항,보장되지 않는 조건이 설명서 뒤쪽에 있어 찾기 어렵다.,3,없음,예
362,20대,정보 탐색,오프라인,보장 범위 이해,정보 이해,암 진단을 받으면 실제로 얼마를 받는지 모르겠다.,5,있음,아니오
363,30대,상품 비교,모바일,보험료 비교,상품 비교,월 납입액과 보장 수준을 함께 비교할 수 있으면 좋겠다.,3,없음,예
364,30대,정보 탐색,모바일,보장 제외 조건,주의사항,기존 질환이 있으면 어떤 보장이 제외되는지 불안하다.,5,없음,예
365,50대 이상,정보 탐색,모바일,보장 범위 이해,정보 이해,보장 내용을 사례 중심의 쉬운 설명으로 보고 싶다.,3,있음,예
366,40대,정보 탐색,모바일,전문용어 이해,정보 이해,갱신형과 비갱신형 같은 전문용어를 쉽게 설명해 줬으면 좋겠다.,5,있음,예
367,40대,가입 검토,웹,상품 보장 비교,상품 비교,상품 A와 상품 B의 보장 차이를 같은 기준으로 비교하기 어렵다.,3,있음,아니오
368,20대,정보 탐색,웹,보장 범위 이해,정보 이해,보장 내용을 사례 중심의 쉬운 설명으로 보고 싶다.,4,없음,아니오
369,20대,상품 비교,모바일,상담 질문 준비,상담,상담 전에 무엇을 물어봐야 할지 모르겠다.,4,없음,예
370,20대,정보 탐색,모바일,갱신 조건,주의사항,갱신형 상품의 장기 비용을 예측하기 어렵다.,4,있음,예
371,50대 이상,정보 탐색,웹,보장 범위 이해,정보 이해,보장 내용을 사례 중심의 쉬운 설명으로 보고 싶다.,5,있음,예
372,30대,가입 검토,모바일,상품 보장 비교,상품 비교,상품 A와 상품 B의 보장 차이를 같은 기준으로 비교하기 어렵다.,5,있음,예
373,50대 이상,상품 비교,모바일,보험료 비교,상품 비교,내 예산에 맞는 상품인지 보험료를 비교하기 어렵다.,3,있음,예
374,50대 이상,가입 검토,모바일,상담 질문 준비,상담,상품을 고르기 전에 확인할 질문 목록이 필요하다.,3,없음,아니오
375,30대,가입 검토,웹,보장 범위 이해,정보 이해,이 상품이 어떤 상황을 보장하는지 한눈에 이해하기 어렵다.,4,있음,아니오
376,40대,상품 비교,모바일,상담 정보 전달,상담,상담할 때 내가 궁금한 내용을 정리해서 전달하기 어렵다.,2,없음,아니오
377,40대,정보 탐색,오프라인,보장 제외 조건,주의사항,보장되지 않는 조건이 설명서 뒤쪽에 있어 찾기 어렵다.,5,있음,아니오
378,30대,상품 비교,모바일,전문용어 이해,정보 이해,보험 용어가 너무 어려워서 무슨 뜻인지 모르겠다.,3,있음,예
379,20대,상담,웹,전문용어 이해,정보 이해,갱신형과 비갱신형 같은 전문용어를 쉽게 설명해 줬으면 좋겠다.,4,없음,예
380,40대,상담,모바일,보험료 비교,상품 비교,내 예산에 맞는 상품인지 보험료를 비교하기 어렵다.,3,있음,예
381,20대,가입 검토,오프라인,보장 범위 이해,정보 이해,암 진단을 받으면 실제로 얼마를 받는지 모르겠다.,5,있음,아니오
382,20대,상품 비교,모바일,보험료 비교,상품 비교,내 예산에 맞는 상품인지 보험료를 비교하기 어렵다.,3,없음,예
383,30대,상담,모바일,보장 범위 이해,정보 이해,암 진단을 받으면 실제로 얼마를 받는지 모르겠다.,3,있음,아니오
384,40대,정보 탐색,모바일,보험료 비교,상품 비교,내 예산에 맞는 상품인지 보험료를 비교하기 어렵다.,4,없음,예
385,30대,정보 탐색,웹,상담 질문 준비,상담,내 상황에 맞는 상담 질문을 미리 준비하고 싶다.,3,없음,아니오
386,50대 이상,정보 탐색,오프라인,보장 범위 이해,정보 이해,암 진단을 받으면 실제로 얼마를 받는지 모르겠다.,5,없음,예
387,40대,상품 비교,모바일,보험료 비교,상품 비교,보험료만 봐서는 가격 차이가 왜 나는지 모르겠다.,3,없음,예
388,30대,정보 탐색,웹,상담 질문 준비,상담,내 상황에 맞는 상담 질문을 미리 준비하고 싶다.,2,없음,예
389,40대,상품 비교,모바일,보장 범위 이해,정보 이해,암 진단을 받으면 실제로 얼마를 받는지 모르겠다.,3,없음,아니오
390,50대 이상,상담,전화,전문용어 이해,정보 이해,갱신형과 비갱신형 같은 전문용어를 쉽게 설명해 줬으면 좋겠다.,4,없음,아니오
391,20대,상품 비교,전화,갱신 조건,주의사항,갱신형 상품의 장기 비용을 예측하기 어렵다.,4,있음,예
392,30대,상품 비교,웹,전문용어 이해,정보 이해,갱신형과 비갱신형 같은 전문용어를 쉽게 설명해 줬으면 좋겠다.,4,있음,예
393,30대,상담,모바일,전문용어 이해,정보 이해,약관의 전문 표현을 일상적인 말로 바꿔서 보고 싶다.,3,없음,아니오
394,30대,상담,모바일,상담 질문 준비,상담,상품을 고르기 전에 확인할 질문 목록이 필요하다.,4,있음,아니오
395,20대,상품 비교,모바일,보장 범위 이해,정보 이해,암 진단을 받으면 실제로 얼마를 받는지 모르겠다.,3,있음,아니오
396,50대 이상,상품 비교,모바일,상담 질문 준비,상담,상품을 고르기 전에 확인할 질문 목록이 필요하다.,2,있음,예
397,50대 이상,상담,모바일,상담 질문 준비,상담,상담 전에 무엇을 물어봐야 할지 모르겠다.,2,없음,아니오
398,40대,정보 탐색,웹,상담 질문 준비,상담,내 상황에 맞는 상담 질문을 미리 준비하고 싶다.,4,없음,예
399,40대,상담,웹,상담 질문 준비,상담,상담 전에 무엇을 물어봐야 할지 모르겠다.,3,없음,예
400,30대,정보 탐색,웹,전문용어 이해,정보 이해,보험 용어가 너무 어려워서 무슨 뜻인지 모르겠다.,4,없음,예
401,20대,가입 검토,모바일,상품 보장 비교,상품 비교,상품 A와 상품 B의 보장 차이를 같은 기준으로 비교하기 어렵다.,5,없음,예
402,50대 이상,정보 탐색,모바일,상담 질문 준비,상담,상품을 고르기 전에 확인할 질문 목록이 필요하다.,3,없음,아니오
403,20대,상품 비교,웹,상품 보장 비교,상품 비교,상품별 보장 항목과 지급 조건을 나란히 보고 싶다.,5,있음,아니오
404,50대 이상,가입 검토,모바일,보장 범위 이해,정보 이해,보장 내용을 사례 중심의 쉬운 설명으로 보고 싶다.,3,있음,아니오
405,20대,상품 비교,웹,갱신 조건,주의사항,갱신 주기와 보험료 변동 조건을 찾기 어렵다.,5,있음,예
406,20대,상품 비교,웹,보장 범위 이해,정보 이해,이 상품이 어떤 상황을 보장하는지 한눈에 이해하기 어렵다.,4,없음,아니오
407,20대,가입 검토,모바일,갱신 조건,주의사항,갱신 시 보험료가 얼마나 오를 수 있는지 명확히 알고 싶다.,5,있음,아니오
408,20대,정보 탐색,모바일,전문용어 이해,정보 이해,보험 용어가 너무 어려워서 무슨 뜻인지 모르겠다.,5,없음,예
409,40대,상품 비교,전화,상품 보장 비교,상품 비교,상품별 보장 항목과 지급 조건을 나란히 보고 싶다.,4,있음,아니오
410,30대,상품 비교,모바일,전문용어 이해,정보 이해,보험 용어가 너무 어려워서 무슨 뜻인지 모르겠다.,3,있음,예
411,50대 이상,정보 탐색,모바일,상품 보장 비교,상품 비교,상품별 보장 항목과 지급 조건을 나란히 보고 싶다.,3,없음,예
412,50대 이상,상담,웹,상품 보장 비교,상품 비교,상품별 보장 항목과 지급 조건을 나란히 보고 싶다.,5,없음,아니오
413,20대,상품 비교,오프라인,보장 범위 이해,정보 이해,암 진단을 받으면 실제로 얼마를 받는지 모르겠다.,5,있음,아니오
414,20대,상담,웹,상품 보장 비교,상품 비교,상품별 보장 항목과 지급 조건을 나란히 보고 싶다.,3,없음,아니오
415,20대,상담,모바일,전문용어 이해,정보 이해,보험 용어가 너무 어려워서 무슨 뜻인지 모르겠다.,3,없음,아니오
416,30대,정보 탐색,모바일,상담 정보 전달,상담,상담할 때 내가 궁금한 내용을 정리해서 전달하기 어렵다.,3,있음,아니오
417,30대,상품 비교,모바일,전문용어 이해,정보 이해,갱신형과 비갱신형 같은 전문용어를 쉽게 설명해 줬으면 좋겠다.,4,없음,아니오
418,30대,가입 검토,모바일,전문용어 이해,정보 이해,갱신형과 비갱신형 같은 전문용어를 쉽게 설명해 줬으면 좋겠다.,5,없음,예
419,40대,정보 탐색,웹,갱신 조건,주의사항,갱신 주기와 보험료 변동 조건을 찾기 어렵다.,4,없음,예
420,40대,상담,오프라인,상담 질문 준비,상담,상품을 고르기 전에 확인할 질문 목록이 필요하다.,3,없음,아니오
421,30대,정보 탐색,웹,상품 보장 비교,상품 비교,어떤 상품의 보장 범위가 더 넓은지 모르겠다.,5,없음,예
422,30대,상품 비교,오프라인,상담 정보 전달,상담,상담사에게 내 보험 상황을 매번 처음부터 설명해야 한다.,2,없음,아니오
423,40대,상품 비교,오프라인,전문용어 이해,정보 이해,약관의 전문 표현을 일상적인 말로 바꿔서 보고 싶다.,3,있음,아니오
424,50대 이상,정보 탐색,모바일,상담 정보 전달,상담,상담 전에 기본 정보를 정리해 상담 시간을 줄이고 싶다.,3,있음,아니오
425,50대 이상,정보 탐색,전화,보험료 비교,상품 비교,내 예산에 맞는 상품인지 보험료를 비교하기 어렵다.,5,있음,예
426,20대,정보 탐색,오프라인,보험료 비교,상품 비교,내 예산에 맞는 상품인지 보험료를 비교하기 어렵다.,3,있음,아니오
427,20대,상담,웹,상담 질문 준비,상담,내 상황에 맞는 상담 질문을 미리 준비하고 싶다.,2,없음,아니오
428,30대,상담,모바일,상품 보장 비교,상품 비교,상품별 보장 항목과 지급 조건을 나란히 보고 싶다.,5,없음,예
429,50대 이상,가입 검토,모바일,갱신 조건,주의사항,갱신형 상품의 장기 비용을 예측하기 어렵다.,4,있음,아니오
430,40대,상품 비교,모바일,상담 질문 준비,상담,상품을 고르기 전에 확인할 질문 목록이 필요하다.,3,있음,아니오
431,30대,정보 탐색,모바일,갱신 조건,주의사항,갱신 시 보험료가 얼마나 오를 수 있는지 명확히 알고 싶다.,4,있음,아니오
432,30대,상품 비교,모바일,상담 질문 준비,상담,상품을 고르기 전에 확인할 질문 목록이 필요하다.,4,있음,예
433,30대,정보 탐색,모바일,상담 질문 준비,상담,상담 전에 무엇을 물어봐야 할지 모르겠다.,2,없음,예
434,50대 이상,상품 비교,모바일,보험료 비교,상품 비교,월 납입액과 보장 수준을 함께 비교할 수 있으면 좋겠다.,5,있음,예
435,20대,상담,웹,갱신 조건,주의사항,갱신 시 보험료가 얼마나 오를 수 있는지 명확히 알고 싶다.,4,있음,아니오
436,50대 이상,정보 탐색,모바일,보장 범위 이해,정보 이해,암 진단을 받으면 실제로 얼마를 받는지 모르겠다.,3,없음,예
437,40대,상품 비교,모바일,상담 질문 준비,상담,내 상황에 맞는 상담 질문을 미리 준비하고 싶다.,4,없음,예
438,20대,상품 비교,웹,보험료 비교,상품 비교,보험료만 봐서는 가격 차이가 왜 나는지 모르겠다.,3,있음,아니오
439,40대,가입 검토,모바일,갱신 조건,주의사항,갱신형 상품의 장기 비용을 예측하기 어렵다.,4,있음,아니오
440,20대,상담,웹,보장 범위 이해,정보 이해,이 상품이 어떤 상황을 보장하는지 한눈에 이해하기 어렵다.,5,있음,아니오
441,20대,정보 탐색,모바일,상품 보장 비교,상품 비교,상품별 보장 항목과 지급 조건을 나란히 보고 싶다.,5,있음,아니오
442,40대,가입 검토,모바일,보장 범위 이해,정보 이해,보장 내용을 사례 중심의 쉬운 설명으로 보고 싶다.,3,없음,아니오
443,40대,정보 탐색,웹,갱신 조건,주의사항,갱신형 상품의 장기 비용을 예측하기 어렵다.,4,있음,아니오
444,20대,상품 비교,모바일,상품 보장 비교,상품 비교,어떤 상품의 보장 범위가 더 넓은지 모르겠다.,3,있음,아니오
445,40대,상품 비교,모바일,보험료 비교,상품 비교,월 납입액과 보장 수준을 함께 비교할 수 있으면 좋겠다.,3,있음,예
446,50대 이상,정보 탐색,모바일,상담 정보 전달,상담,상담사에게 내 보험 상황을 매번 처음부터 설명해야 한다.,4,있음,아니오
447,30대,가입 검토,웹,상담 질문 준비,상담,내 상황에 맞는 상담 질문을 미리 준비하고 싶다.,2,있음,예
448,30대,정보 탐색,모바일,상담 질문 준비,상담,상담 전에 무엇을 물어봐야 할지 모르겠다.,4,없음,아니오
449,30대,상품 비교,모바일,보험료 비교,상품 비교,보험료만 봐서는 가격 차이가 왜 나는지 모르겠다.,4,있음,아니오
450,50대 이상,상품 비교,전화,보장 범위 이해,정보 이해,암 진단을 받으면 실제로 얼마를 받는지 모르겠다.,4,없음,아니오
451,20대,가입 검토,모바일,보장 제외 조건,주의사항,보장되지 않는 조건이 설명서 뒤쪽에 있어 찾기 어렵다.,5,없음,아니오
452,40대,상품 비교,웹,상담 질문 준비,상담,상품을 고르기 전에 확인할 질문 목록이 필요하다.,3,있음,아니오
453,30대,정보 탐색,웹,상담 정보 전달,상담,상담 전에 기본 정보를 정리해 상담 시간을 줄이고 싶다.,3,없음,아니오
454,30대,정보 탐색,웹,갱신 조건,주의사항,갱신 주기와 보험료 변동 조건을 찾기 어렵다.,5,없음,예
455,30대,상품 비교,모바일,갱신 조건,주의사항,갱신 주기와 보험료 변동 조건을 찾기 어렵다.,5,있음,예
456,20대,가입 검토,모바일,전문용어 이해,정보 이해,약관의 전문 표현을 일상적인 말로 바꿔서 보고 싶다.,5,있음,아니오
457,50대 이상,가입 검토,오프라인,상담 정보 전달,상담,상담할 때 내가 궁금한 내용을 정리해서 전달하기 어렵다.,3,없음,예
458,50대 이상,상담,모바일,상담 정보 전달,상담,상담사에게 내 보험 상황을 매번 처음부터 설명해야 한다.,4,없음,예
459,30대,상품 비교,모바일,갱신 조건,주의사항,갱신 주기와 보험료 변동 조건을 찾기 어렵다.,5,없음,아니오
460,20대,정보 탐색,웹,상담 질문 준비,상담,상담 전에 무엇을 물어봐야 할지 모르겠다.,4,없음,예
461,20대,상담,모바일,전문용어 이해,정보 이해,약관의 전문 표현을 일상적인 말로 바꿔서 보고 싶다.,4,있음,예
462,40대,정보 탐색,모바일,보장 범위 이해,정보 이해,보장 내용을 사례 중심의 쉬운 설명으로 보고 싶다.,3,있음,예
463,50대 이상,정보 탐색,모바일,보험료 비교,상품 비교,보험료만 봐서는 가격 차이가 왜 나는지 모르겠다.,4,없음,예
464,40대,상품 비교,모바일,상담 질문 준비,상담,내 상황에 맞는 상담 질문을 미리 준비하고 싶다.,3,없음,예
465,50대 이상,상담,모바일,보장 제외 조건,주의사항,보장되지 않는 조건이 설명서 뒤쪽에 있어 찾기 어렵다.,3,없음,예
466,40대,상품 비교,오프라인,상담 질문 준비,상담,상품을 고르기 전에 확인할 질문 목록이 필요하다.,2,없음,아니오
467,30대,가입 검토,모바일,보장 제외 조건,주의사항,보장되지 않는 조건이 설명서 뒤쪽에 있어 찾기 어렵다.,3,없음,예
468,30대,가입 검토,모바일,상담 질문 준비,상담,상담 전에 무엇을 물어봐야 할지 모르겠다.,2,없음,예
469,40대,상품 비교,모바일,상담 질문 준비,상담,내 상황에 맞는 상담 질문을 미리 준비하고 싶다.,4,있음,예
470,30대,정보 탐색,모바일,상품 보장 비교,상품 비교,상품별 보장 항목과 지급 조건을 나란히 보고 싶다.,4,있음,아니오
471,40대,상품 비교,모바일,상담 질문 준비,상담,상품을 고르기 전에 확인할 질문 목록이 필요하다.,4,없음,예
472,50대 이상,상담,전화,전문용어 이해,정보 이해,약관의 전문 표현을 일상적인 말로 바꿔서 보고 싶다.,4,없음,아니오
473,30대,상품 비교,웹,상담 질문 준비,상담,내 상황에 맞는 상담 질문을 미리 준비하고 싶다.,2,있음,아니오
474,20대,가입 검토,모바일,전문용어 이해,정보 이해,약관의 전문 표현을 일상적인 말로 바꿔서 보고 싶다.,5,없음,아니오
475,40대,정보 탐색,모바일,보험료 비교,상품 비교,내 예산에 맞는 상품인지 보험료를 비교하기 어렵다.,3,있음,아니오
476,40대,상품 비교,전화,갱신 조건,주의사항,갱신 주기와 보험료 변동 조건을 찾기 어렵다.,5,없음,예
477,20대,상담,전화,보장 제외 조건,주의사항,보장되지 않는 조건이 설명서 뒤쪽에 있어 찾기 어렵다.,3,있음,아니오
478,50대 이상,정보 탐색,웹,보장 범위 이해,정보 이해,보장 내용을 사례 중심의 쉬운 설명으로 보고 싶다.,5,있음,아니오
479,20대,상담,전화,상담 질문 준비,상담,내 상황에 맞는 상담 질문을 미리 준비하고 싶다.,2,있음,아니오
480,50대 이상,정보 탐색,모바일,상품 보장 비교,상품 비교,상품별 보장 항목과 지급 조건을 나란히 보고 싶다.,3,없음,예
481,50대 이상,가입 검토,전화,상담 질문 준비,상담,상품을 고르기 전에 확인할 질문 목록이 필요하다.,2,있음,아니오
482,20대,상품 비교,전화,상품 보장 비교,상품 비교,상품별 보장 항목과 지급 조건을 나란히 보고 싶다.,5,있음,아니오
483,20대,상품 비교,모바일,갱신 조건,주의사항,갱신형 상품의 장기 비용을 예측하기 어렵다.,5,있음,아니오
484,20대,상품 비교,웹,갱신 조건,주의사항,갱신 주기와 보험료 변동 조건을 찾기 어렵다.,5,있음,예
485,20대,정보 탐색,오프라인,보장 범위 이해,정보 이해,암 진단을 받으면 실제로 얼마를 받는지 모르겠다.,3,있음,예
486,20대,상담,모바일,갱신 조건,주의사항,갱신 주기와 보험료 변동 조건을 찾기 어렵다.,5,없음,아니오
487,30대,상품 비교,오프라인,보험료 비교,상품 비교,보험료만 봐서는 가격 차이가 왜 나는지 모르겠다.,5,없음,아니오
488,30대,상품 비교,웹,상담 질문 준비,상담,상담 전에 무엇을 물어봐야 할지 모르겠다.,4,없음,예
489,30대,가입 검토,웹,상품 보장 비교,상품 비교,상품별 보장 항목과 지급 조건을 나란히 보고 싶다.,4,없음,아니오
490,30대,가입 검토,모바일,상품 보장 비교,상품 비교,상품 A와 상품 B의 보장 차이를 같은 기준으로 비교하기 어렵다.,3,있음,아니오
491,30대,가입 검토,웹,상담 질문 준비,상담,상품을 고르기 전에 확인할 질문 목록이 필요하다.,4,없음,예
492,40대,가입 검토,오프라인,보장 범위 이해,정보 이해,이 상품이 어떤 상황을 보장하는지 한눈에 이해하기 어렵다.,5,없음,아니오
493,40대,상담,웹,갱신 조건,주의사항,갱신 주기와 보험료 변동 조건을 찾기 어렵다.,5,있음,아니오
494,30대,정보 탐색,웹,상담 질문 준비,상담,상담 전에 무엇을 물어봐야 할지 모르겠다.,3,없음,예
495,20대,상품 비교,오프라인,갱신 조건,주의사항,갱신 주기와 보험료 변동 조건을 찾기 어렵다.,4,없음,예
496,20대,정보 탐색,모바일,갱신 조건,주의사항,갱신형 상품의 장기 비용을 예측하기 어렵다.,3,없음,아니오
497,40대,가입 검토,웹,보장 범위 이해,정보 이해,이 상품이 어떤 상황을 보장하는지 한눈에 이해하기 어렵다.,4,있음,아니오
498,50대 이상,가입 검토,오프라인,상담 정보 전달,상담,상담사에게 내 보험 상황을 매번 처음부터 설명해야 한다.,2,있음,예
499,40대,상담,전화,보장 제외 조건,주의사항,면책기간과 보장 제외 항목을 먼저 확인하고 싶다.,5,있음,예
500,50대 이상,가입 검토,모바일,상담 질문 준비,상담,상품을 고르기 전에 확인할 질문 목록이 필요하다.,2,없음,예
501,20대,정보 탐색,모바일,갱신 조건,주의사항,갱신 주기와 보험료 변동 조건을 찾기 어렵다.,4,없음,예
502,20대,가입 검토,모바일,보장 제외 조건,주의사항,보장되지 않는 조건이 설명서 뒤쪽에 있어 찾기 어렵다.,3,없음,아니오
503,40대,가입 검토,웹,보장 제외 조건,주의사항,면책기간과 보장 제외 항목을 먼저 확인하고 싶다.,5,있음,예
504,20대,상품 비교,오프라인,상담 질문 준비,상담,상품을 고르기 전에 확인할 질문 목록이 필요하다.,2,없음,아니오
505,30대,가입 검토,모바일,보장 제외 조건,주의사항,보장되지 않는 조건이 설명서 뒤쪽에 있어 찾기 어렵다.,5,있음,아니오
506,20대,상담,오프라인,상품 보장 비교,상품 비교,어떤 상품의 보장 범위가 더 넓은지 모르겠다.,3,없음,아니오
507,50대 이상,상품 비교,오프라인,보험료 비교,상품 비교,내 예산에 맞는 상품인지 보험료를 비교하기 어렵다.,4,있음,예
508,30대,가입 검토,모바일,상품 보장 비교,상품 비교,어떤 상품의 보장 범위가 더 넓은지 모르겠다.,4,있음,아니오
509,50대 이상,상품 비교,모바일,전문용어 이해,정보 이해,보험 용어가 너무 어려워서 무슨 뜻인지 모르겠다.,3,없음,예
510,20대,상품 비교,전화,보장 제외 조건,주의사항,기존 질환이 있으면 어떤 보장이 제외되는지 불안하다.,3,없음,아니오
511,50대 이상,상품 비교,모바일,보장 제외 조건,주의사항,면책기간과 보장 제외 항목을 먼저 확인하고 싶다.,4,없음,예
512,20대,가입 검토,웹,전문용어 이해,정보 이해,약관의 전문 표현을 일상적인 말로 바꿔서 보고 싶다.,3,있음,아니오
513,40대,상담,모바일,상품 보장 비교,상품 비교,상품별 보장 항목과 지급 조건을 나란히 보고 싶다.,5,없음,예
514,30대,정보 탐색,웹,보장 제외 조건,주의사항,보장되지 않는 조건이 설명서 뒤쪽에 있어 찾기 어렵다.,4,없음,아니오
515,20대,정보 탐색,모바일,상담 질문 준비,상담,내 상황에 맞는 상담 질문을 미리 준비하고 싶다.,3,있음,예
516,30대,상품 비교,웹,보험료 비교,상품 비교,내 예산에 맞는 상품인지 보험료를 비교하기 어렵다.,4,없음,아니오
517,50대 이상,가입 검토,오프라인,갱신 조건,주의사항,갱신 시 보험료가 얼마나 오를 수 있는지 명확히 알고 싶다.,5,없음,예
518,30대,상담,웹,전문용어 이해,정보 이해,보험 용어가 너무 어려워서 무슨 뜻인지 모르겠다.,4,없음,아니오
519,50대 이상,상품 비교,모바일,보장 범위 이해,정보 이해,이 상품이 어떤 상황을 보장하는지 한눈에 이해하기 어렵다.,5,있음,예
520,40대,정보 탐색,전화,전문용어 이해,정보 이해,약관의 전문 표현을 일상적인 말로 바꿔서 보고 싶다.,4,없음,아니오
521,20대,상품 비교,웹,갱신 조건,주의사항,갱신형 상품의 장기 비용을 예측하기 어렵다.,4,있음,예
522,20대,가입 검토,웹,갱신 조건,주의사항,갱신 시 보험료가 얼마나 오를 수 있는지 명확히 알고 싶다.,4,있음,아니오
523,40대,상품 비교,웹,상품 보장 비교,상품 비교,상품별 보장 항목과 지급 조건을 나란히 보고 싶다.,4,있음,예
524,20대,상품 비교,웹,전문용어 이해,정보 이해,약관의 전문 표현을 일상적인 말로 바꿔서 보고 싶다.,4,있음,아니오
525,40대,상담,모바일,전문용어 이해,정보 이해,갱신형과 비갱신형 같은 전문용어를 쉽게 설명해 줬으면 좋겠다.,4,있음,예
526,30대,가입 검토,전화,보장 범위 이해,정보 이해,이 상품이 어떤 상황을 보장하는지 한눈에 이해하기 어렵다.,5,없음,아니오
527,30대,정보 탐색,전화,갱신 조건,주의사항,갱신 주기와 보험료 변동 조건을 찾기 어렵다.,5,없음,아니오
528,20대,정보 탐색,웹,상담 질문 준비,상담,상품을 고르기 전에 확인할 질문 목록이 필요하다.,4,있음,예
529,20대,가입 검토,모바일,상품 보장 비교,상품 비교,어떤 상품의 보장 범위가 더 넓은지 모르겠다.,5,없음,아니오
530,20대,상품 비교,전화,상품 보장 비교,상품 비교,어떤 상품의 보장 범위가 더 넓은지 모르겠다.,5,없음,예
531,20대,상품 비교,웹,보험료 비교,상품 비교,월 납입액과 보장 수준을 함께 비교할 수 있으면 좋겠다.,4,없음,예
532,20대,가입 검토,모바일,상담 질문 준비,상담,상담 전에 무엇을 물어봐야 할지 모르겠다.,4,없음,아니오
533,50대 이상,정보 탐색,모바일,상품 보장 비교,상품 비교,어떤 상품의 보장 범위가 더 넓은지 모르겠다.,4,없음,아니오
534,20대,상품 비교,모바일,상담 질문 준비,상담,내 상황에 맞는 상담 질문을 미리 준비하고 싶다.,3,없음,아니오
535,50대 이상,상담,모바일,상품 보장 비교,상품 비교,상품별 보장 항목과 지급 조건을 나란히 보고 싶다.,4,있음,예
536,20대,상품 비교,모바일,보험료 비교,상품 비교,내 예산에 맞는 상품인지 보험료를 비교하기 어렵다.,5,있음,예
537,20대,정보 탐색,웹,보장 범위 이해,정보 이해,암 진단을 받으면 실제로 얼마를 받는지 모르겠다.,4,없음,아니오
538,30대,상품 비교,웹,갱신 조건,주의사항,갱신형 상품의 장기 비용을 예측하기 어렵다.,3,없음,예
539,30대,상품 비교,웹,전문용어 이해,정보 이해,보험 용어가 너무 어려워서 무슨 뜻인지 모르겠다.,5,없음,예
540,50대 이상,상담,웹,보장 범위 이해,정보 이해,보장 내용을 사례 중심의 쉬운 설명으로 보고 싶다.,5,없음,아니오
541,20대,상담,전화,상담 정보 전달,상담,상담사에게 내 보험 상황을 매번 처음부터 설명해야 한다.,2,있음,예
542,40대,상품 비교,웹,상담 질문 준비,상담,상품을 고르기 전에 확인할 질문 목록이 필요하다.,3,없음,아니오
543,30대,정보 탐색,모바일,상담 정보 전달,상담,상담할 때 내가 궁금한 내용을 정리해서 전달하기 어렵다.,2,없음,예
544,40대,상담,전화,보장 범위 이해,정보 이해,보장 내용을 사례 중심의 쉬운 설명으로 보고 싶다.,3,없음,아니오
545,30대,정보 탐색,모바일,상담 정보 전달,상담,상담 전에 기본 정보를 정리해 상담 시간을 줄이고 싶다.,2,없음,아니오
546,30대,정보 탐색,웹,보험료 비교,상품 비교,월 납입액과 보장 수준을 함께 비교할 수 있으면 좋겠다.,3,있음,아니오
547,40대,정보 탐색,모바일,상품 보장 비교,상품 비교,상품별 보장 항목과 지급 조건을 나란히 보고 싶다.,4,없음,예
548,50대 이상,상담,모바일,상품 보장 비교,상품 비교,상품 A와 상품 B의 보장 차이를 같은 기준으로 비교하기 어렵다.,5,없음,예
549,30대,상품 비교,웹,보험료 비교,상품 비교,월 납입액과 보장 수준을 함께 비교할 수 있으면 좋겠다.,4,있음,예
550,40대,가입 검토,모바일,보장 범위 이해,정보 이해,보장 내용을 사례 중심의 쉬운 설명으로 보고 싶다.,4,있음,아니오
551,30대,상품 비교,모바일,상담 정보 전달,상담,상담 전에 기본 정보를 정리해 상담 시간을 줄이고 싶다.,3,없음,아니오
552,30대,가입 검토,웹,보장 제외 조건,주의사항,면책기간과 보장 제외 항목을 먼저 확인하고 싶다.,4,없음,예
553,30대,상품 비교,모바일,갱신 조건,주의사항,갱신 주기와 보험료 변동 조건을 찾기 어렵다.,4,있음,예
554,50대 이상,정보 탐색,전화,보장 범위 이해,정보 이해,이 상품이 어떤 상황을 보장하는지 한눈에 이해하기 어렵다.,4,있음,예
555,20대,정보 탐색,웹,전문용어 이해,정보 이해,약관의 전문 표현을 일상적인 말로 바꿔서 보고 싶다.,4,있음,아니오
556,30대,상품 비교,웹,갱신 조건,주의사항,갱신형 상품의 장기 비용을 예측하기 어렵다.,3,없음,아니오
557,40대,상품 비교,웹,보장 범위 이해,정보 이해,보장 내용을 사례 중심의 쉬운 설명으로 보고 싶다.,3,있음,예
558,50대 이상,정보 탐색,오프라인,갱신 조건,주의사항,갱신형 상품의 장기 비용을 예측하기 어렵다.,4,있음,아니오
559,30대,정보 탐색,전화,보장 제외 조건,주의사항,면책기간과 보장 제외 항목을 먼저 확인하고 싶다.,4,있음,아니오
560,20대,상품 비교,모바일,상담 정보 전달,상담,상담할 때 내가 궁금한 내용을 정리해서 전달하기 어렵다.,4,없음,아니오
561,30대,정보 탐색,웹,보장 범위 이해,정보 이해,암 진단을 받으면 실제로 얼마를 받는지 모르겠다.,3,있음,아니오
562,50대 이상,상담,전화,갱신 조건,주의사항,갱신형 상품의 장기 비용을 예측하기 어렵다.,4,있음,예
563,20대,상담,웹,보험료 비교,상품 비교,보험료만 봐서는 가격 차이가 왜 나는지 모르겠다.,5,없음,아니오
564,30대,정보 탐색,웹,보험료 비교,상품 비교,월 납입액과 보장 수준을 함께 비교할 수 있으면 좋겠다.,3,있음,예
565,40대,가입 검토,모바일,상품 보장 비교,상품 비교,상품 A와 상품 B의 보장 차이를 같은 기준으로 비교하기 어렵다.,4,있음,아니오
566,30대,상품 비교,오프라인,보장 범위 이해,정보 이해,보장 내용을 사례 중심의 쉬운 설명으로 보고 싶다.,3,있음,예
567,20대,가입 검토,모바일,보장 범위 이해,정보 이해,이 상품이 어떤 상황을 보장하는지 한눈에 이해하기 어렵다.,3,있음,예
568,20대,정보 탐색,웹,상담 질문 준비,상담,상품을 고르기 전에 확인할 질문 목록이 필요하다.,3,없음,예
569,30대,가입 검토,웹,상담 질문 준비,상담,상품을 고르기 전에 확인할 질문 목록이 필요하다.,3,있음,예
570,50대 이상,가입 검토,모바일,상담 정보 전달,상담,상담 전에 기본 정보를 정리해 상담 시간을 줄이고 싶다.,2,없음,아니오
571,30대,가입 검토,모바일,보험료 비교,상품 비교,내 예산에 맞는 상품인지 보험료를 비교하기 어렵다.,3,있음,예
572,30대,정보 탐색,모바일,갱신 조건,주의사항,갱신 시 보험료가 얼마나 오를 수 있는지 명확히 알고 싶다.,4,없음,아니오
573,50대 이상,상품 비교,웹,상품 보장 비교,상품 비교,상품 A와 상품 B의 보장 차이를 같은 기준으로 비교하기 어렵다.,4,있음,아니오
574,30대,상품 비교,모바일,상품 보장 비교,상품 비교,상품별 보장 항목과 지급 조건을 나란히 보고 싶다.,4,있음,아니오
575,30대,상품 비교,전화,보험료 비교,상품 비교,내 예산에 맞는 상품인지 보험료를 비교하기 어렵다.,4,없음,아니오
576,20대,상품 비교,모바일,상담 질문 준비,상담,상담 전에 무엇을 물어봐야 할지 모르겠다.,2,있음,아니오
577,50대 이상,가입 검토,전화,전문용어 이해,정보 이해,갱신형과 비갱신형 같은 전문용어를 쉽게 설명해 줬으면 좋겠다.,4,없음,아니오
578,20대,상품 비교,전화,전문용어 이해,정보 이해,갱신형과 비갱신형 같은 전문용어를 쉽게 설명해 줬으면 좋겠다.,5,없음,아니오
579,20대,가입 검토,웹,갱신 조건,주의사항,갱신형 상품의 장기 비용을 예측하기 어렵다.,4,없음,아니오
580,50대 이상,상품 비교,웹,전문용어 이해,정보 이해,약관의 전문 표현을 일상적인 말로 바꿔서 보고 싶다.,5,없음,아니오
581,40대,상담,전화,상품 보장 비교,상품 비교,상품별 보장 항목과 지급 조건을 나란히 보고 싶다.,3,있음,아니오
582,50대 이상,상품 비교,웹,보험료 비교,상품 비교,월 납입액과 보장 수준을 함께 비교할 수 있으면 좋겠다.,4,있음,예
583,30대,가입 검토,모바일,전문용어 이해,정보 이해,갱신형과 비갱신형 같은 전문용어를 쉽게 설명해 줬으면 좋겠다.,5,있음,아니오
584,30대,가입 검토,웹,보장 범위 이해,정보 이해,보장 내용을 사례 중심의 쉬운 설명으로 보고 싶다.,4,있음,예
585,20대,상품 비교,웹,보장 범위 이해,정보 이해,보장 내용을 사례 중심의 쉬운 설명으로 보고 싶다.,5,없음,예
586,20대,정보 탐색,오프라인,보장 범위 이해,정보 이해,암 진단을 받으면 실제로 얼마를 받는지 모르겠다.,5,없음,예
587,30대,정보 탐색,모바일,상담 질문 준비,상담,상품을 고르기 전에 확인할 질문 목록이 필요하다.,2,없음,아니오
588,20대,가입 검토,모바일,상품 보장 비교,상품 비교,상품 A와 상품 B의 보장 차이를 같은 기준으로 비교하기 어렵다.,3,없음,예
589,30대,가입 검토,전화,전문용어 이해,정보 이해,갱신형과 비갱신형 같은 전문용어를 쉽게 설명해 줬으면 좋겠다.,5,있음,아니오
590,50대 이상,상품 비교,웹,전문용어 이해,정보 이해,갱신형과 비갱신형 같은 전문용어를 쉽게 설명해 줬으면 좋겠다.,5,있음,아니오
591,30대,상품 비교,전화,상담 정보 전달,상담,상담할 때 내가 궁금한 내용을 정리해서 전달하기 어렵다.,3,있음,아니오
592,20대,정보 탐색,웹,보장 범위 이해,정보 이해,이 상품이 어떤 상황을 보장하는지 한눈에 이해하기 어렵다.,4,있음,아니오
593,40대,상담,오프라인,보장 제외 조건,주의사항,기존 질환이 있으면 어떤 보장이 제외되는지 불안하다.,4,없음,아니오
594,30대,정보 탐색,웹,상담 질문 준비,상담,상담 전에 무엇을 물어봐야 할지 모르겠다.,3,있음,아니오
595,40대,상담,전화,보장 범위 이해,정보 이해,이 상품이 어떤 상황을 보장하는지 한눈에 이해하기 어렵다.,4,없음,아니오
596,30대,가입 검토,모바일,보장 제외 조건,주의사항,면책기간과 보장 제외 항목을 먼저 확인하고 싶다.,5,있음,아니오
597,20대,상품 비교,모바일,보장 범위 이해,정보 이해,보장 내용을 사례 중심의 쉬운 설명으로 보고 싶다.,4,있음,아니오
598,30대,가입 검토,모바일,갱신 조건,주의사항,갱신 시 보험료가 얼마나 오를 수 있는지 명확히 알고 싶다.,5,없음,예
599,20대,상품 비교,웹,상담 정보 전달,상담,상담 전에 기본 정보를 정리해 상담 시간을 줄이고 싶다.,2,없음,예
600,30대,가입 검토,모바일,보장 범위 이해,정보 이해,암 진단을 받으면 실제로 얼마를 받는지 모르겠다.,4,있음,예
601,40대,상품 비교,모바일,상품 보장 비교,상품 비교,상품별 보장 항목과 지급 조건을 나란히 보고 싶다.,3,있음,예
602,40대,상담,전화,보장 범위 이해,정보 이해,이 상품이 어떤 상황을 보장하는지 한눈에 이해하기 어렵다.,5,없음,아니오
603,30대,정보 탐색,모바일,상담 질문 준비,상담,상품을 고르기 전에 확인할 질문 목록이 필요하다.,2,없음,아니오
604,50대 이상,가입 검토,모바일,상품 보장 비교,상품 비교,어떤 상품의 보장 범위가 더 넓은지 모르겠다.,3,없음,아니오
605,20대,가입 검토,전화,보험료 비교,상품 비교,내 예산에 맞는 상품인지 보험료를 비교하기 어렵다.,3,없음,예
606,30대,상품 비교,전화,보장 제외 조건,주의사항,면책기간과 보장 제외 항목을 먼저 확인하고 싶다.,3,있음,예
607,20대,상담,웹,전문용어 이해,정보 이해,보험 용어가 너무 어려워서 무슨 뜻인지 모르겠다.,4,없음,예
608,20대,가입 검토,오프라인,보장 범위 이해,정보 이해,보장 내용을 사례 중심의 쉬운 설명으로 보고 싶다.,3,없음,아니오
609,40대,정보 탐색,모바일,보장 제외 조건,주의사항,보장되지 않는 조건이 설명서 뒤쪽에 있어 찾기 어렵다.,4,있음,아니오
610,20대,상담,모바일,갱신 조건,주의사항,갱신 시 보험료가 얼마나 오를 수 있는지 명확히 알고 싶다.,4,없음,아니오
611,30대,상담,모바일,갱신 조건,주의사항,갱신 시 보험료가 얼마나 오를 수 있는지 명확히 알고 싶다.,5,있음,아니오
612,20대,상품 비교,모바일,갱신 조건,주의사항,갱신 시 보험료가 얼마나 오를 수 있는지 명확히 알고 싶다.,4,있음,아니오
613,30대,상담,웹,보장 제외 조건,주의사항,보장되지 않는 조건이 설명서 뒤쪽에 있어 찾기 어렵다.,5,있음,예
614,20대,상담,모바일,상품 보장 비교,상품 비교,어떤 상품의 보장 범위가 더 넓은지 모르겠다.,4,없음,아니오
615,40대,정보 탐색,모바일,상품 보장 비교,상품 비교,어떤 상품의 보장 범위가 더 넓은지 모르겠다.,3,없음,예
616,20대,정보 탐색,웹,보장 범위 이해,정보 이해,이 상품이 어떤 상황을 보장하는지 한눈에 이해하기 어렵다.,3,있음,아니오
617,40대,가입 검토,모바일,보험료 비교,상품 비교,보험료만 봐서는 가격 차이가 왜 나는지 모르겠다.,5,없음,예
618,20대,상담,오프라인,상담 정보 전달,상담,상담사에게 내 보험 상황을 매번 처음부터 설명해야 한다.,3,없음,아니오
619,50대 이상,상담,전화,보장 제외 조건,주의사항,면책기간과 보장 제외 항목을 먼저 확인하고 싶다.,3,있음,예
620,40대,정보 탐색,오프라인,갱신 조건,주의사항,갱신 주기와 보험료 변동 조건을 찾기 어렵다.,3,없음,예
621,20대,상품 비교,웹,보장 제외 조건,주의사항,보장되지 않는 조건이 설명서 뒤쪽에 있어 찾기 어렵다.,5,있음,예
622,30대,상담,웹,상담 질문 준비,상담,내 상황에 맞는 상담 질문을 미리 준비하고 싶다.,2,없음,예
623,30대,상품 비교,웹,보장 제외 조건,주의사항,면책기간과 보장 제외 항목을 먼저 확인하고 싶다.,4,있음,아니오
624,50대 이상,가입 검토,모바일,보장 제외 조건,주의사항,면책기간과 보장 제외 항목을 먼저 확인하고 싶다.,4,있음,예
625,20대,가입 검토,모바일,보장 제외 조건,주의사항,기존 질환이 있으면 어떤 보장이 제외되는지 불안하다.,4,있음,예
626,50대 이상,정보 탐색,웹,갱신 조건,주의사항,갱신형 상품의 장기 비용을 예측하기 어렵다.,3,있음,예
627,20대,가입 검토,전화,보장 범위 이해,정보 이해,보장 내용을 사례 중심의 쉬운 설명으로 보고 싶다.,5,없음,예
628,30대,상품 비교,모바일,전문용어 이해,정보 이해,약관의 전문 표현을 일상적인 말로 바꿔서 보고 싶다.,3,없음,아니오
629,20대,상담,웹,상담 질문 준비,상담,상담 전에 무엇을 물어봐야 할지 모르겠다.,4,없음,아니오
630,20대,정보 탐색,웹,상담 질문 준비,상담,내 상황에 맞는 상담 질문을 미리 준비하고 싶다.,2,있음,예
631,50대 이상,가입 검토,모바일,상담 질문 준비,상담,내 상황에 맞는 상담 질문을 미리 준비하고 싶다.,3,없음,예
632,40대,정보 탐색,웹,갱신 조건,주의사항,갱신 주기와 보험료 변동 조건을 찾기 어렵다.,4,없음,아니오
633,20대,상품 비교,모바일,보험료 비교,상품 비교,내 예산에 맞는 상품인지 보험료를 비교하기 어렵다.,3,없음,예
634,50대 이상,상담,웹,갱신 조건,주의사항,갱신 주기와 보험료 변동 조건을 찾기 어렵다.,5,없음,예
635,40대,상품 비교,모바일,보험료 비교,상품 비교,보험료만 봐서는 가격 차이가 왜 나는지 모르겠다.,4,없음,아니오
636,30대,상담,전화,보장 범위 이해,정보 이해,이 상품이 어떤 상황을 보장하는지 한눈에 이해하기 어렵다.,3,있음,예
637,40대,상품 비교,웹,보험료 비교,상품 비교,내 예산에 맞는 상품인지 보험료를 비교하기 어렵다.,5,없음,예
638,40대,가입 검토,웹,전문용어 이해,정보 이해,약관의 전문 표현을 일상적인 말로 바꿔서 보고 싶다.,3,없음,아니오
639,30대,가입 검토,모바일,보험료 비교,상품 비교,내 예산에 맞는 상품인지 보험료를 비교하기 어렵다.,3,있음,예
640,30대,상담,웹,상담 정보 전달,상담,상담할 때 내가 궁금한 내용을 정리해서 전달하기 어렵다.,2,없음,예
641,20대,정보 탐색,모바일,갱신 조건,주의사항,갱신 시 보험료가 얼마나 오를 수 있는지 명확히 알고 싶다.,3,없음,아니오
642,40대,정보 탐색,모바일,전문용어 이해,정보 이해,갱신형과 비갱신형 같은 전문용어를 쉽게 설명해 줬으면 좋겠다.,3,있음,예
643,20대,가입 검토,웹,갱신 조건,주의사항,갱신 주기와 보험료 변동 조건을 찾기 어렵다.,5,없음,예
644,50대 이상,정보 탐색,모바일,상품 보장 비교,상품 비교,상품 A와 상품 B의 보장 차이를 같은 기준으로 비교하기 어렵다.,4,없음,아니오
645,40대,정보 탐색,모바일,전문용어 이해,정보 이해,약관의 전문 표현을 일상적인 말로 바꿔서 보고 싶다.,4,있음,예
646,50대 이상,상담,모바일,전문용어 이해,정보 이해,갱신형과 비갱신형 같은 전문용어를 쉽게 설명해 줬으면 좋겠다.,5,없음,아니오
647,30대,정보 탐색,모바일,보험료 비교,상품 비교,내 예산에 맞는 상품인지 보험료를 비교하기 어렵다.,4,없음,예
648,30대,가입 검토,웹,보장 범위 이해,정보 이해,보장 내용을 사례 중심의 쉬운 설명으로 보고 싶다.,3,없음,아니오
649,30대,가입 검토,모바일,갱신 조건,주의사항,갱신 주기와 보험료 변동 조건을 찾기 어렵다.,4,없음,아니오
650,50대 이상,정보 탐색,오프라인,상담 질문 준비,상담,내 상황에 맞는 상담 질문을 미리 준비하고 싶다.,2,없음,아니오
651,40대,정보 탐색,웹,상담 정보 전달,상담,상담 전에 기본 정보를 정리해 상담 시간을 줄이고 싶다.,4,없음,아니오
652,20대,가입 검토,전화,보장 범위 이해,정보 이해,암 진단을 받으면 실제로 얼마를 받는지 모르겠다.,4,없음,예
653,30대,상품 비교,전화,갱신 조건,주의사항,갱신형 상품의 장기 비용을 예측하기 어렵다.,5,없음,아니오
654,50대 이상,상품 비교,웹,상담 정보 전달,상담,상담 전에 기본 정보를 정리해 상담 시간을 줄이고 싶다.,2,있음,예
655,50대 이상,정보 탐색,모바일,보장 제외 조건,주의사항,보장되지 않는 조건이 설명서 뒤쪽에 있어 찾기 어렵다.,5,없음,아니오
656,30대,상담,모바일,상담 정보 전달,상담,상담 전에 기본 정보를 정리해 상담 시간을 줄이고 싶다.,4,있음,예
657,20대,상품 비교,모바일,상담 질문 준비,상담,상품을 고르기 전에 확인할 질문 목록이 필요하다.,4,있음,예
658,20대,정보 탐색,모바일,보장 제외 조건,주의사항,면책기간과 보장 제외 항목을 먼저 확인하고 싶다.,4,없음,아니오
659,30대,상담,웹,갱신 조건,주의사항,갱신 시 보험료가 얼마나 오를 수 있는지 명확히 알고 싶다.,3,없음,예
660,40대,정보 탐색,오프라인,전문용어 이해,정보 이해,갱신형과 비갱신형 같은 전문용어를 쉽게 설명해 줬으면 좋겠다.,3,없음,예
661,50대 이상,상담,전화,전문용어 이해,정보 이해,갱신형과 비갱신형 같은 전문용어를 쉽게 설명해 줬으면 좋겠다.,5,있음,아니오
662,30대,정보 탐색,웹,상담 정보 전달,상담,상담할 때 내가 궁금한 내용을 정리해서 전달하기 어렵다.,4,있음,아니오
663,40대,정보 탐색,웹,보장 제외 조건,주의사항,기존 질환이 있으면 어떤 보장이 제외되는지 불안하다.,4,없음,예
664,30대,정보 탐색,웹,보험료 비교,상품 비교,내 예산에 맞는 상품인지 보험료를 비교하기 어렵다.,5,없음,예
665,30대,가입 검토,전화,상품 보장 비교,상품 비교,상품별 보장 항목과 지급 조건을 나란히 보고 싶다.,4,없음,아니오
666,50대 이상,상품 비교,모바일,상품 보장 비교,상품 비교,어떤 상품의 보장 범위가 더 넓은지 모르겠다.,4,없음,예
667,30대,상품 비교,모바일,보장 범위 이해,정보 이해,암 진단을 받으면 실제로 얼마를 받는지 모르겠다.,4,없음,예
668,50대 이상,상품 비교,전화,보험료 비교,상품 비교,보험료만 봐서는 가격 차이가 왜 나는지 모르겠다.,4,있음,예
669,20대,정보 탐색,웹,갱신 조건,주의사항,갱신 주기와 보험료 변동 조건을 찾기 어렵다.,4,없음,아니오
670,50대 이상,상품 비교,모바일,갱신 조건,주의사항,갱신형 상품의 장기 비용을 예측하기 어렵다.,3,없음,아니오
671,40대,상품 비교,모바일,보장 제외 조건,주의사항,보장되지 않는 조건이 설명서 뒤쪽에 있어 찾기 어렵다.,3,없음,아니오
672,40대,상담,모바일,상품 보장 비교,상품 비교,상품 A와 상품 B의 보장 차이를 같은 기준으로 비교하기 어렵다.,3,없음,예
673,40대,정보 탐색,모바일,전문용어 이해,정보 이해,갱신형과 비갱신형 같은 전문용어를 쉽게 설명해 줬으면 좋겠다.,5,없음,아니오
674,30대,상담,모바일,보장 범위 이해,정보 이해,암 진단을 받으면 실제로 얼마를 받는지 모르겠다.,3,없음,예
675,20대,상품 비교,모바일,상담 정보 전달,상담,상담사에게 내 보험 상황을 매번 처음부터 설명해야 한다.,2,있음,예
676,20대,가입 검토,모바일,보장 범위 이해,정보 이해,이 상품이 어떤 상황을 보장하는지 한눈에 이해하기 어렵다.,3,없음,아니오
677,20대,가입 검토,웹,상담 정보 전달,상담,상담 전에 기본 정보를 정리해 상담 시간을 줄이고 싶다.,4,없음,아니오
678,30대,정보 탐색,모바일,갱신 조건,주의사항,갱신형 상품의 장기 비용을 예측하기 어렵다.,4,있음,아니오
679,40대,정보 탐색,모바일,상담 질문 준비,상담,상담 전에 무엇을 물어봐야 할지 모르겠다.,2,있음,아니오
680,30대,상품 비교,웹,보험료 비교,상품 비교,보험료만 봐서는 가격 차이가 왜 나는지 모르겠다.,5,없음,아니오
681,30대,가입 검토,모바일,갱신 조건,주의사항,갱신형 상품의 장기 비용을 예측하기 어렵다.,4,있음,예
682,30대,상담,웹,보장 제외 조건,주의사항,보장되지 않는 조건이 설명서 뒤쪽에 있어 찾기 어렵다.,5,없음,아니오
683,20대,정보 탐색,모바일,상담 정보 전달,상담,상담사에게 내 보험 상황을 매번 처음부터 설명해야 한다.,4,없음,아니오
684,30대,상품 비교,모바일,보험료 비교,상품 비교,보험료만 봐서는 가격 차이가 왜 나는지 모르겠다.,5,있음,아니오
685,20대,가입 검토,전화,상담 질문 준비,상담,상담 전에 무엇을 물어봐야 할지 모르겠다.,4,있음,아니오
686,30대,정보 탐색,전화,상품 보장 비교,상품 비교,상품 A와 상품 B의 보장 차이를 같은 기준으로 비교하기 어렵다.,4,있음,아니오
687,40대,상품 비교,웹,상담 정보 전달,상담,상담 전에 기본 정보를 정리해 상담 시간을 줄이고 싶다.,3,있음,아니오
688,30대,정보 탐색,전화,상담 질문 준비,상담,내 상황에 맞는 상담 질문을 미리 준비하고 싶다.,4,있음,예
689,40대,가입 검토,모바일,보장 범위 이해,정보 이해,이 상품이 어떤 상황을 보장하는지 한눈에 이해하기 어렵다.,4,없음,아니오
690,30대,상품 비교,웹,상담 정보 전달,상담,상담할 때 내가 궁금한 내용을 정리해서 전달하기 어렵다.,2,없음,아니오
691,20대,정보 탐색,모바일,갱신 조건,주의사항,갱신 시 보험료가 얼마나 오를 수 있는지 명확히 알고 싶다.,4,없음,아니오
692,50대 이상,상품 비교,웹,보험료 비교,상품 비교,보험료만 봐서는 가격 차이가 왜 나는지 모르겠다.,3,있음,예
693,50대 이상,상담,웹,상담 질문 준비,상담,내 상황에 맞는 상담 질문을 미리 준비하고 싶다.,4,없음,예
694,30대,가입 검토,전화,상품 보장 비교,상품 비교,상품 A와 상품 B의 보장 차이를 같은 기준으로 비교하기 어렵다.,3,없음,예
695,30대,정보 탐색,모바일,갱신 조건,주의사항,갱신 시 보험료가 얼마나 오를 수 있는지 명확히 알고 싶다.,5,없음,아니오
696,20대,가입 검토,모바일,보험료 비교,상품 비교,월 납입액과 보장 수준을 함께 비교할 수 있으면 좋겠다.,5,없음,아니오
697,20대,가입 검토,전화,보장 범위 이해,정보 이해,보장 내용을 사례 중심의 쉬운 설명으로 보고 싶다.,3,있음,예
698,20대,정보 탐색,모바일,보장 범위 이해,정보 이해,암 진단을 받으면 실제로 얼마를 받는지 모르겠다.,5,있음,아니오
699,40대,가입 검토,웹,보장 범위 이해,정보 이해,이 상품이 어떤 상황을 보장하는지 한눈에 이해하기 어렵다.,3,있음,아니오
700,20대,정보 탐색,모바일,보장 제외 조건,주의사항,면책기간과 보장 제외 항목을 먼저 확인하고 싶다.,3,없음,아니오
701,30대,상품 비교,웹,전문용어 이해,정보 이해,약관의 전문 표현을 일상적인 말로 바꿔서 보고 싶다.,5,있음,아니오
702,40대,정보 탐색,오프라인,상품 보장 비교,상품 비교,상품별 보장 항목과 지급 조건을 나란히 보고 싶다.,5,없음,예
703,50대 이상,상담,모바일,상담 질문 준비,상담,내 상황에 맞는 상담 질문을 미리 준비하고 싶다.,4,있음,아니오
704,20대,가입 검토,전화,보장 범위 이해,정보 이해,암 진단을 받으면 실제로 얼마를 받는지 모르겠다.,3,있음,아니오
705,20대,상담,모바일,보험료 비교,상품 비교,월 납입액과 보장 수준을 함께 비교할 수 있으면 좋겠다.,4,없음,아니오
706,30대,상품 비교,웹,상담 질문 준비,상담,내 상황에 맞는 상담 질문을 미리 준비하고 싶다.,4,없음,아니오
707,20대,가입 검토,웹,보장 제외 조건,주의사항,기존 질환이 있으면 어떤 보장이 제외되는지 불안하다.,5,있음,예
708,30대,상담,모바일,보장 제외 조건,주의사항,기존 질환이 있으면 어떤 보장이 제외되는지 불안하다.,3,있음,아니오
709,30대,상품 비교,모바일,보장 제외 조건,주의사항,면책기간과 보장 제외 항목을 먼저 확인하고 싶다.,3,있음,예
710,30대,정보 탐색,전화,보장 제외 조건,주의사항,보장되지 않는 조건이 설명서 뒤쪽에 있어 찾기 어렵다.,4,있음,예
711,40대,상담,모바일,보장 제외 조건,주의사항,면책기간과 보장 제외 항목을 먼저 확인하고 싶다.,5,없음,예
712,20대,정보 탐색,웹,보장 범위 이해,정보 이해,보장 내용을 사례 중심의 쉬운 설명으로 보고 싶다.,3,있음,아니오
713,30대,상품 비교,모바일,상품 보장 비교,상품 비교,상품별 보장 항목과 지급 조건을 나란히 보고 싶다.,4,있음,아니오
714,50대 이상,정보 탐색,웹,갱신 조건,주의사항,갱신 주기와 보험료 변동 조건을 찾기 어렵다.,5,있음,예
715,20대,정보 탐색,모바일,상담 질문 준비,상담,상품을 고르기 전에 확인할 질문 목록이 필요하다.,3,없음,아니오
716,20대,상담,웹,상담 질문 준비,상담,상품을 고르기 전에 확인할 질문 목록이 필요하다.,3,있음,아니오
717,20대,상품 비교,모바일,보험료 비교,상품 비교,보험료만 봐서는 가격 차이가 왜 나는지 모르겠다.,5,있음,아니오
718,20대,상품 비교,모바일,상담 질문 준비,상담,상담 전에 무엇을 물어봐야 할지 모르겠다.,4,없음,예
719,30대,상담,오프라인,갱신 조건,주의사항,갱신 시 보험료가 얼마나 오를 수 있는지 명확히 알고 싶다.,3,없음,아니오
720,50대 이상,상담,웹,상담 질문 준비,상담,내 상황에 맞는 상담 질문을 미리 준비하고 싶다.,4,있음,아니오
721,20대,상담,웹,상품 보장 비교,상품 비교,어떤 상품의 보장 범위가 더 넓은지 모르겠다.,4,없음,아니오
722,30대,가입 검토,모바일,보험료 비교,상품 비교,보험료만 봐서는 가격 차이가 왜 나는지 모르겠다.,5,있음,아니오
723,30대,정보 탐색,모바일,전문용어 이해,정보 이해,약관의 전문 표현을 일상적인 말로 바꿔서 보고 싶다.,5,있음,아니오
724,30대,정보 탐색,모바일,보험료 비교,상품 비교,내 예산에 맞는 상품인지 보험료를 비교하기 어렵다.,5,없음,아니오
725,50대 이상,정보 탐색,모바일,보장 제외 조건,주의사항,면책기간과 보장 제외 항목을 먼저 확인하고 싶다.,4,있음,아니오
726,50대 이상,가입 검토,모바일,상품 보장 비교,상품 비교,상품 A와 상품 B의 보장 차이를 같은 기준으로 비교하기 어렵다.,5,있음,아니오
727,30대,상품 비교,웹,전문용어 이해,정보 이해,약관의 전문 표현을 일상적인 말로 바꿔서 보고 싶다.,4,없음,아니오
728,20대,정보 탐색,전화,보험료 비교,상품 비교,월 납입액과 보장 수준을 함께 비교할 수 있으면 좋겠다.,4,없음,아니오
729,20대,정보 탐색,웹,보장 범위 이해,정보 이해,보장 내용을 사례 중심의 쉬운 설명으로 보고 싶다.,5,없음,아니오
730,20대,상품 비교,웹,상품 보장 비교,상품 비교,어떤 상품의 보장 범위가 더 넓은지 모르겠다.,3,있음,예
731,30대,상품 비교,전화,상담 정보 전달,상담,상담할 때 내가 궁금한 내용을 정리해서 전달하기 어렵다.,3,없음,아니오
732,20대,가입 검토,모바일,갱신 조건,주의사항,갱신형 상품의 장기 비용을 예측하기 어렵다.,3,없음,예
733,30대,상담,웹,보험료 비교,상품 비교,내 예산에 맞는 상품인지 보험료를 비교하기 어렵다.,3,있음,아니오
734,20대,상담,모바일,보험료 비교,상품 비교,월 납입액과 보장 수준을 함께 비교할 수 있으면 좋겠다.,4,있음,예
735,30대,가입 검토,오프라인,전문용어 이해,정보 이해,갱신형과 비갱신형 같은 전문용어를 쉽게 설명해 줬으면 좋겠다.,5,있음,아니오
736,40대,가입 검토,웹,보장 범위 이해,정보 이해,암 진단을 받으면 실제로 얼마를 받는지 모르겠다.,4,없음,예
737,40대,상품 비교,모바일,보험료 비교,상품 비교,보험료만 봐서는 가격 차이가 왜 나는지 모르겠다.,5,없음,예
738,20대,정보 탐색,웹,전문용어 이해,정보 이해,갱신형과 비갱신형 같은 전문용어를 쉽게 설명해 줬으면 좋겠다.,3,있음,아니오
739,20대,정보 탐색,모바일,보장 범위 이해,정보 이해,보장 내용을 사례 중심의 쉬운 설명으로 보고 싶다.,5,없음,예
740,20대,상품 비교,모바일,갱신 조건,주의사항,갱신 주기와 보험료 변동 조건을 찾기 어렵다.,5,없음,예
741,20대,상담,웹,갱신 조건,주의사항,갱신 시 보험료가 얼마나 오를 수 있는지 명확히 알고 싶다.,5,있음,아니오
742,40대,가입 검토,모바일,상담 질문 준비,상담,상담 전에 무엇을 물어봐야 할지 모르겠다.,3,없음,아니오
743,50대 이상,가입 검토,오프라인,상품 보장 비교,상품 비교,상품별 보장 항목과 지급 조건을 나란히 보고 싶다.,3,있음,예
744,50대 이상,상담,모바일,보험료 비교,상품 비교,월 납입액과 보장 수준을 함께 비교할 수 있으면 좋겠다.,3,없음,아니오
745,40대,상담,웹,보장 범위 이해,정보 이해,이 상품이 어떤 상황을 보장하는지 한눈에 이해하기 어렵다.,3,없음,예
746,20대,상담,모바일,보장 제외 조건,주의사항,기존 질환이 있으면 어떤 보장이 제외되는지 불안하다.,3,없음,예
747,20대,가입 검토,전화,갱신 조건,주의사항,갱신 주기와 보험료 변동 조건을 찾기 어렵다.,3,있음,아니오
748,40대,정보 탐색,웹,보험료 비교,상품 비교,보험료만 봐서는 가격 차이가 왜 나는지 모르겠다.,4,있음,예
749,50대 이상,가입 검토,모바일,보장 제외 조건,주의사항,기존 질환이 있으면 어떤 보장이 제외되는지 불안하다.,4,없음,예
750,40대,가입 검토,모바일,상품 보장 비교,상품 비교,상품별 보장 항목과 지급 조건을 나란히 보고 싶다.,4,없음,예
751,50대 이상,상품 비교,모바일,보장 제외 조건,주의사항,기존 질환이 있으면 어떤 보장이 제외되는지 불안하다.,3,있음,아니오
752,40대,상품 비교,모바일,전문용어 이해,정보 이해,보험 용어가 너무 어려워서 무슨 뜻인지 모르겠다.,3,없음,아니오
753,40대,가입 검토,웹,상품 보장 비교,상품 비교,상품별 보장 항목과 지급 조건을 나란히 보고 싶다.,3,없음,아니오
754,40대,정보 탐색,모바일,전문용어 이해,정보 이해,보험 용어가 너무 어려워서 무슨 뜻인지 모르겠다.,5,있음,예
755,20대,정보 탐색,모바일,갱신 조건,주의사항,갱신 시 보험료가 얼마나 오를 수 있는지 명확히 알고 싶다.,4,없음,아니오
756,30대,상품 비교,웹,상담 정보 전달,상담,상담사에게 내 보험 상황을 매번 처음부터 설명해야 한다.,2,없음,예
757,40대,정보 탐색,모바일,상담 정보 전달,상담,상담사에게 내 보험 상황을 매번 처음부터 설명해야 한다.,4,없음,예
758,30대,상품 비교,모바일,전문용어 이해,정보 이해,보험 용어가 너무 어려워서 무슨 뜻인지 모르겠다.,4,있음,아니오
759,50대 이상,상품 비교,모바일,상품 보장 비교,상품 비교,상품 A와 상품 B의 보장 차이를 같은 기준으로 비교하기 어렵다.,3,없음,아니오
760,20대,상담,모바일,전문용어 이해,정보 이해,갱신형과 비갱신형 같은 전문용어를 쉽게 설명해 줬으면 좋겠다.,5,없음,아니오
761,30대,상품 비교,모바일,보장 범위 이해,정보 이해,보장 내용을 사례 중심의 쉬운 설명으로 보고 싶다.,5,있음,예
762,30대,정보 탐색,모바일,전문용어 이해,정보 이해,보험 용어가 너무 어려워서 무슨 뜻인지 모르겠다.,5,있음,아니오
763,40대,상담,웹,갱신 조건,주의사항,갱신 시 보험료가 얼마나 오를 수 있는지 명확히 알고 싶다.,3,있음,아니오
764,50대 이상,정보 탐색,웹,보험료 비교,상품 비교,내 예산에 맞는 상품인지 보험료를 비교하기 어렵다.,4,없음,아니오
765,20대,상품 비교,모바일,상품 보장 비교,상품 비교,어떤 상품의 보장 범위가 더 넓은지 모르겠다.,3,있음,예
766,30대,상품 비교,모바일,보험료 비교,상품 비교,보험료만 봐서는 가격 차이가 왜 나는지 모르겠다.,3,없음,아니오
767,20대,정보 탐색,모바일,보험료 비교,상품 비교,월 납입액과 보장 수준을 함께 비교할 수 있으면 좋겠다.,4,없음,아니오
768,30대,상담,모바일,보장 범위 이해,정보 이해,보장 내용을 사례 중심의 쉬운 설명으로 보고 싶다.,3,없음,예
769,30대,정보 탐색,모바일,상담 질문 준비,상담,상담 전에 무엇을 물어봐야 할지 모르겠다.,4,있음,아니오
770,40대,가입 검토,모바일,보험료 비교,상품 비교,보험료만 봐서는 가격 차이가 왜 나는지 모르겠다.,4,없음,예
771,30대,상품 비교,모바일,보장 범위 이해,정보 이해,이 상품이 어떤 상황을 보장하는지 한눈에 이해하기 어렵다.,3,있음,아니오
772,30대,상품 비교,오프라인,전문용어 이해,정보 이해,갱신형과 비갱신형 같은 전문용어를 쉽게 설명해 줬으면 좋겠다.,3,있음,아니오
773,40대,가입 검토,오프라인,전문용어 이해,정보 이해,보험 용어가 너무 어려워서 무슨 뜻인지 모르겠다.,4,없음,예
774,20대,상품 비교,모바일,갱신 조건,주의사항,갱신형 상품의 장기 비용을 예측하기 어렵다.,4,있음,예
775,20대,가입 검토,웹,상담 질문 준비,상담,상품을 고르기 전에 확인할 질문 목록이 필요하다.,4,없음,예
776,40대,상담,전화,전문용어 이해,정보 이해,보험 용어가 너무 어려워서 무슨 뜻인지 모르겠다.,5,있음,아니오
777,40대,상품 비교,모바일,보장 범위 이해,정보 이해,암 진단을 받으면 실제로 얼마를 받는지 모르겠다.,5,없음,예
778,50대 이상,상담,오프라인,상담 정보 전달,상담,상담사에게 내 보험 상황을 매번 처음부터 설명해야 한다.,3,없음,아니오
779,30대,정보 탐색,모바일,보장 제외 조건,주의사항,보장되지 않는 조건이 설명서 뒤쪽에 있어 찾기 어렵다.,3,없음,아니오
780,20대,가입 검토,모바일,상담 정보 전달,상담,상담사에게 내 보험 상황을 매번 처음부터 설명해야 한다.,2,있음,아니오
781,30대,정보 탐색,오프라인,보장 범위 이해,정보 이해,암 진단을 받으면 실제로 얼마를 받는지 모르겠다.,3,있음,예
782,30대,상담,웹,상담 질문 준비,상담,상담 전에 무엇을 물어봐야 할지 모르겠다.,4,없음,아니오
783,30대,정보 탐색,모바일,상담 정보 전달,상담,상담할 때 내가 궁금한 내용을 정리해서 전달하기 어렵다.,4,없음,예
784,30대,정보 탐색,웹,보장 제외 조건,주의사항,면책기간과 보장 제외 항목을 먼저 확인하고 싶다.,4,없음,예
785,30대,정보 탐색,모바일,상품 보장 비교,상품 비교,상품 A와 상품 B의 보장 차이를 같은 기준으로 비교하기 어렵다.,5,없음,예
786,30대,정보 탐색,웹,전문용어 이해,정보 이해,약관의 전문 표현을 일상적인 말로 바꿔서 보고 싶다.,5,없음,예
787,50대 이상,상담,모바일,상품 보장 비교,상품 비교,상품 A와 상품 B의 보장 차이를 같은 기준으로 비교하기 어렵다.,4,있음,아니오
788,30대,정보 탐색,모바일,보험료 비교,상품 비교,내 예산에 맞는 상품인지 보험료를 비교하기 어렵다.,5,있음,아니오
789,40대,정보 탐색,모바일,보장 제외 조건,주의사항,기존 질환이 있으면 어떤 보장이 제외되는지 불안하다.,3,없음,아니오
790,20대,정보 탐색,모바일,상담 정보 전달,상담,상담할 때 내가 궁금한 내용을 정리해서 전달하기 어렵다.,2,없음,아니오
791,20대,정보 탐색,모바일,보장 범위 이해,정보 이해,보장 내용을 사례 중심의 쉬운 설명으로 보고 싶다.,5,없음,아니오
792,30대,정보 탐색,모바일,상품 보장 비교,상품 비교,상품 A와 상품 B의 보장 차이를 같은 기준으로 비교하기 어렵다.,3,없음,아니오
793,30대,가입 검토,웹,보험료 비교,상품 비교,내 예산에 맞는 상품인지 보험료를 비교하기 어렵다.,5,있음,아니오
794,20대,가입 검토,모바일,상품 보장 비교,상품 비교,상품별 보장 항목과 지급 조건을 나란히 보고 싶다.,3,있음,아니오
795,40대,정보 탐색,모바일,상담 정보 전달,상담,상담할 때 내가 궁금한 내용을 정리해서 전달하기 어렵다.,3,없음,예
796,20대,상품 비교,전화,갱신 조건,주의사항,갱신 주기와 보험료 변동 조건을 찾기 어렵다.,5,없음,예
797,20대,가입 검토,웹,보장 범위 이해,정보 이해,암 진단을 받으면 실제로 얼마를 받는지 모르겠다.,4,있음,예
798,40대,가입 검토,오프라인,보장 범위 이해,정보 이해,이 상품이 어떤 상황을 보장하는지 한눈에 이해하기 어렵다.,4,있음,예
799,20대,정보 탐색,모바일,보장 제외 조건,주의사항,기존 질환이 있으면 어떤 보장이 제외되는지 불안하다.,3,있음,아니오
800,50대 이상,가입 검토,웹,보장 범위 이해,정보 이해,암 진단을 받으면 실제로 얼마를 받는지 모르겠다.,4,있음,예
801,40대,상담,모바일,상담 질문 준비,상담,상담 전에 무엇을 물어봐야 할지 모르겠다.,4,있음,예
802,30대,가입 검토,모바일,전문용어 이해,정보 이해,약관의 전문 표현을 일상적인 말로 바꿔서 보고 싶다.,3,있음,아니오
803,20대,상품 비교,웹,전문용어 이해,정보 이해,보험 용어가 너무 어려워서 무슨 뜻인지 모르겠다.,4,없음,예
804,40대,정보 탐색,오프라인,전문용어 이해,정보 이해,갱신형과 비갱신형 같은 전문용어를 쉽게 설명해 줬으면 좋겠다.,3,있음,아니오
805,30대,정보 탐색,전화,보장 제외 조건,주의사항,기존 질환이 있으면 어떤 보장이 제외되는지 불안하다.,4,없음,아니오
806,30대,가입 검토,모바일,상품 보장 비교,상품 비교,상품별 보장 항목과 지급 조건을 나란히 보고 싶다.,4,없음,예
807,30대,상담,전화,갱신 조건,주의사항,갱신형 상품의 장기 비용을 예측하기 어렵다.,3,있음,아니오
808,30대,정보 탐색,모바일,전문용어 이해,정보 이해,갱신형과 비갱신형 같은 전문용어를 쉽게 설명해 줬으면 좋겠다.,4,있음,예
809,30대,상담,모바일,상담 정보 전달,상담,상담할 때 내가 궁금한 내용을 정리해서 전달하기 어렵다.,4,있음,아니오
810,30대,상품 비교,모바일,보장 범위 이해,정보 이해,암 진단을 받으면 실제로 얼마를 받는지 모르겠다.,4,있음,예
811,20대,가입 검토,웹,상담 질문 준비,상담,상품을 고르기 전에 확인할 질문 목록이 필요하다.,3,없음,예
812,20대,가입 검토,오프라인,상담 질문 준비,상담,상품을 고르기 전에 확인할 질문 목록이 필요하다.,3,없음,아니오
813,30대,상품 비교,모바일,보험료 비교,상품 비교,월 납입액과 보장 수준을 함께 비교할 수 있으면 좋겠다.,4,없음,아니오
814,30대,가입 검토,웹,보장 제외 조건,주의사항,기존 질환이 있으면 어떤 보장이 제외되는지 불안하다.,5,없음,아니오
815,30대,가입 검토,모바일,보험료 비교,상품 비교,보험료만 봐서는 가격 차이가 왜 나는지 모르겠다.,3,있음,아니오
816,20대,상품 비교,모바일,상담 질문 준비,상담,내 상황에 맞는 상담 질문을 미리 준비하고 싶다.,3,있음,예
817,30대,정보 탐색,웹,상품 보장 비교,상품 비교,어떤 상품의 보장 범위가 더 넓은지 모르겠다.,3,없음,예
818,50대 이상,가입 검토,모바일,보장 제외 조건,주의사항,면책기간과 보장 제외 항목을 먼저 확인하고 싶다.,5,있음,예
819,30대,상품 비교,모바일,보장 제외 조건,주의사항,면책기간과 보장 제외 항목을 먼저 확인하고 싶다.,4,있음,아니오
820,50대 이상,상품 비교,모바일,보험료 비교,상품 비교,보험료만 봐서는 가격 차이가 왜 나는지 모르겠다.,5,없음,예
821,30대,정보 탐색,모바일,상담 질문 준비,상담,상담 전에 무엇을 물어봐야 할지 모르겠다.,2,없음,예
822,20대,가입 검토,모바일,보험료 비교,상품 비교,월 납입액과 보장 수준을 함께 비교할 수 있으면 좋겠다.,5,있음,예
823,20대,정보 탐색,모바일,갱신 조건,주의사항,갱신 주기와 보험료 변동 조건을 찾기 어렵다.,3,없음,아니오
824,20대,정보 탐색,모바일,전문용어 이해,정보 이해,보험 용어가 너무 어려워서 무슨 뜻인지 모르겠다.,3,없음,아니오
825,20대,정보 탐색,모바일,갱신 조건,주의사항,갱신 주기와 보험료 변동 조건을 찾기 어렵다.,5,없음,아니오
826,20대,정보 탐색,모바일,전문용어 이해,정보 이해,보험 용어가 너무 어려워서 무슨 뜻인지 모르겠다.,3,없음,예
827,20대,가입 검토,모바일,보장 제외 조건,주의사항,보장되지 않는 조건이 설명서 뒤쪽에 있어 찾기 어렵다.,5,있음,아니오
828,40대,상품 비교,웹,상품 보장 비교,상품 비교,상품 A와 상품 B의 보장 차이를 같은 기준으로 비교하기 어렵다.,3,없음,예
829,50대 이상,상품 비교,전화,갱신 조건,주의사항,갱신 주기와 보험료 변동 조건을 찾기 어렵다.,3,없음,예
830,40대,상담,모바일,상담 정보 전달,상담,상담 전에 기본 정보를 정리해 상담 시간을 줄이고 싶다.,2,있음,예
831,30대,상담,모바일,보장 범위 이해,정보 이해,보장 내용을 사례 중심의 쉬운 설명으로 보고 싶다.,3,있음,예
832,20대,상담,모바일,상담 질문 준비,상담,상담 전에 무엇을 물어봐야 할지 모르겠다.,3,있음,아니오
833,20대,가입 검토,웹,보장 제외 조건,주의사항,기존 질환이 있으면 어떤 보장이 제외되는지 불안하다.,4,있음,아니오
834,40대,상품 비교,웹,갱신 조건,주의사항,갱신형 상품의 장기 비용을 예측하기 어렵다.,4,없음,예
835,40대,가입 검토,모바일,상담 정보 전달,상담,상담 전에 기본 정보를 정리해 상담 시간을 줄이고 싶다.,3,없음,아니오
836,40대,정보 탐색,모바일,보험료 비교,상품 비교,월 납입액과 보장 수준을 함께 비교할 수 있으면 좋겠다.,4,없음,예
837,50대 이상,가입 검토,모바일,전문용어 이해,정보 이해,갱신형과 비갱신형 같은 전문용어를 쉽게 설명해 줬으면 좋겠다.,3,없음,아니오
838,20대,가입 검토,웹,갱신 조건,주의사항,갱신 주기와 보험료 변동 조건을 찾기 어렵다.,4,있음,아니오
839,50대 이상,상담,웹,갱신 조건,주의사항,갱신 시 보험료가 얼마나 오를 수 있는지 명확히 알고 싶다.,4,없음,예
840,30대,상품 비교,모바일,보장 범위 이해,정보 이해,보장 내용을 사례 중심의 쉬운 설명으로 보고 싶다.,3,없음,아니오
841,50대 이상,상담,웹,갱신 조건,주의사항,갱신형 상품의 장기 비용을 예측하기 어렵다.,3,있음,예
842,40대,상담,전화,상담 질문 준비,상담,상담 전에 무엇을 물어봐야 할지 모르겠다.,3,있음,아니오
843,30대,정보 탐색,오프라인,보험료 비교,상품 비교,보험료만 봐서는 가격 차이가 왜 나는지 모르겠다.,4,없음,아니오
844,40대,상담,모바일,보험료 비교,상품 비교,보험료만 봐서는 가격 차이가 왜 나는지 모르겠다.,3,있음,예
845,20대,상담,웹,보험료 비교,상품 비교,보험료만 봐서는 가격 차이가 왜 나는지 모르겠다.,5,있음,아니오
846,40대,정보 탐색,모바일,보험료 비교,상품 비교,월 납입액과 보장 수준을 함께 비교할 수 있으면 좋겠다.,5,있음,아니오
847,20대,정보 탐색,모바일,상담 질문 준비,상담,상담 전에 무엇을 물어봐야 할지 모르겠다.,2,있음,아니오
848,30대,가입 검토,모바일,상담 질문 준비,상담,내 상황에 맞는 상담 질문을 미리 준비하고 싶다.,3,있음,아니오
849,40대,상품 비교,모바일,상품 보장 비교,상품 비교,상품별 보장 항목과 지급 조건을 나란히 보고 싶다.,5,없음,예
850,20대,상품 비교,모바일,상담 질문 준비,상담,내 상황에 맞는 상담 질문을 미리 준비하고 싶다.,2,있음,아니오
851,50대 이상,가입 검토,모바일,보장 제외 조건,주의사항,기존 질환이 있으면 어떤 보장이 제외되는지 불안하다.,5,없음,아니오
852,30대,정보 탐색,전화,상품 보장 비교,상품 비교,상품 A와 상품 B의 보장 차이를 같은 기준으로 비교하기 어렵다.,5,없음,아니오
853,40대,가입 검토,모바일,보험료 비교,상품 비교,월 납입액과 보장 수준을 함께 비교할 수 있으면 좋겠다.,4,있음,예
854,40대,정보 탐색,전화,보험료 비교,상품 비교,내 예산에 맞는 상품인지 보험료를 비교하기 어렵다.,3,있음,아니오
855,50대 이상,상담,전화,전문용어 이해,정보 이해,약관의 전문 표현을 일상적인 말로 바꿔서 보고 싶다.,5,없음,예
856,20대,상담,모바일,보장 제외 조건,주의사항,기존 질환이 있으면 어떤 보장이 제외되는지 불안하다.,3,있음,아니오
857,30대,상품 비교,모바일,보험료 비교,상품 비교,월 납입액과 보장 수준을 함께 비교할 수 있으면 좋겠다.,5,있음,예
858,30대,상품 비교,웹,상담 정보 전달,상담,상담사에게 내 보험 상황을 매번 처음부터 설명해야 한다.,4,있음,아니오
859,30대,상담,오프라인,상담 정보 전달,상담,상담 전에 기본 정보를 정리해 상담 시간을 줄이고 싶다.,4,없음,예
860,20대,상품 비교,웹,상품 보장 비교,상품 비교,상품별 보장 항목과 지급 조건을 나란히 보고 싶다.,4,있음,아니오
861,50대 이상,상품 비교,전화,상담 질문 준비,상담,내 상황에 맞는 상담 질문을 미리 준비하고 싶다.,3,없음,아니오
862,20대,상품 비교,모바일,갱신 조건,주의사항,갱신 시 보험료가 얼마나 오를 수 있는지 명확히 알고 싶다.,3,없음,아니오
863,30대,상담,모바일,보험료 비교,상품 비교,보험료만 봐서는 가격 차이가 왜 나는지 모르겠다.,3,없음,아니오
864,20대,가입 검토,웹,전문용어 이해,정보 이해,보험 용어가 너무 어려워서 무슨 뜻인지 모르겠다.,5,없음,아니오
865,20대,정보 탐색,모바일,상담 질문 준비,상담,내 상황에 맞는 상담 질문을 미리 준비하고 싶다.,2,있음,아니오
866,50대 이상,상담,오프라인,갱신 조건,주의사항,갱신 주기와 보험료 변동 조건을 찾기 어렵다.,3,없음,예
867,30대,정보 탐색,웹,보장 제외 조건,주의사항,면책기간과 보장 제외 항목을 먼저 확인하고 싶다.,5,있음,아니오
868,20대,정보 탐색,전화,상담 정보 전달,상담,상담할 때 내가 궁금한 내용을 정리해서 전달하기 어렵다.,3,있음,예
869,20대,정보 탐색,모바일,상담 정보 전달,상담,상담할 때 내가 궁금한 내용을 정리해서 전달하기 어렵다.,3,있음,아니오
870,20대,가입 검토,웹,상담 질문 준비,상담,상담 전에 무엇을 물어봐야 할지 모르겠다.,3,있음,아니오
871,50대 이상,상품 비교,모바일,갱신 조건,주의사항,갱신 주기와 보험료 변동 조건을 찾기 어렵다.,4,있음,예
872,50대 이상,정보 탐색,전화,보장 제외 조건,주의사항,면책기간과 보장 제외 항목을 먼저 확인하고 싶다.,3,없음,아니오
873,20대,가입 검토,전화,보장 제외 조건,주의사항,면책기간과 보장 제외 항목을 먼저 확인하고 싶다.,3,없음,아니오
874,50대 이상,상담,오프라인,상품 보장 비교,상품 비교,상품별 보장 항목과 지급 조건을 나란히 보고 싶다.,4,없음,예
875,40대,상품 비교,전화,상품 보장 비교,상품 비교,어떤 상품의 보장 범위가 더 넓은지 모르겠다.,4,있음,예
876,20대,상담,모바일,보장 범위 이해,정보 이해,암 진단을 받으면 실제로 얼마를 받는지 모르겠다.,4,있음,예
877,40대,정보 탐색,모바일,상담 질문 준비,상담,상품을 고르기 전에 확인할 질문 목록이 필요하다.,4,있음,아니오
878,40대,상품 비교,웹,갱신 조건,주의사항,갱신 주기와 보험료 변동 조건을 찾기 어렵다.,3,없음,아니오
879,20대,정보 탐색,모바일,보장 범위 이해,정보 이해,이 상품이 어떤 상황을 보장하는지 한눈에 이해하기 어렵다.,5,없음,아니오
880,20대,상담,전화,상담 질문 준비,상담,상담 전에 무엇을 물어봐야 할지 모르겠다.,3,없음,아니오
881,20대,상담,모바일,상담 질문 준비,상담,내 상황에 맞는 상담 질문을 미리 준비하고 싶다.,3,없음,예
882,50대 이상,상품 비교,전화,상담 정보 전달,상담,상담할 때 내가 궁금한 내용을 정리해서 전달하기 어렵다.,2,있음,예
883,30대,가입 검토,모바일,전문용어 이해,정보 이해,갱신형과 비갱신형 같은 전문용어를 쉽게 설명해 줬으면 좋겠다.,3,없음,예
884,30대,상담,전화,갱신 조건,주의사항,갱신형 상품의 장기 비용을 예측하기 어렵다.,3,없음,예
885,50대 이상,가입 검토,모바일,보장 범위 이해,정보 이해,암 진단을 받으면 실제로 얼마를 받는지 모르겠다.,4,없음,아니오
886,30대,가입 검토,웹,상담 질문 준비,상담,상담 전에 무엇을 물어봐야 할지 모르겠다.,3,없음,아니오
887,20대,가입 검토,모바일,상담 질문 준비,상담,내 상황에 맞는 상담 질문을 미리 준비하고 싶다.,2,있음,아니오
888,30대,가입 검토,오프라인,전문용어 이해,정보 이해,갱신형과 비갱신형 같은 전문용어를 쉽게 설명해 줬으면 좋겠다.,5,없음,아니오
889,40대,가입 검토,모바일,갱신 조건,주의사항,갱신 주기와 보험료 변동 조건을 찾기 어렵다.,3,없음,아니오
890,30대,가입 검토,오프라인,상담 정보 전달,상담,상담 전에 기본 정보를 정리해 상담 시간을 줄이고 싶다.,4,없음,예
891,30대,가입 검토,오프라인,보장 범위 이해,정보 이해,보장 내용을 사례 중심의 쉬운 설명으로 보고 싶다.,4,없음,예
892,20대,상담,오프라인,보장 제외 조건,주의사항,기존 질환이 있으면 어떤 보장이 제외되는지 불안하다.,3,없음,아니오
893,30대,가입 검토,모바일,갱신 조건,주의사항,갱신 시 보험료가 얼마나 오를 수 있는지 명확히 알고 싶다.,3,있음,아니오
894,50대 이상,가입 검토,전화,갱신 조건,주의사항,갱신형 상품의 장기 비용을 예측하기 어렵다.,5,있음,아니오
895,20대,상담,전화,보험료 비교,상품 비교,보험료만 봐서는 가격 차이가 왜 나는지 모르겠다.,5,있음,예
896,20대,상품 비교,모바일,보장 범위 이해,정보 이해,암 진단을 받으면 실제로 얼마를 받는지 모르겠다.,3,있음,아니오
897,50대 이상,상담,모바일,전문용어 이해,정보 이해,갱신형과 비갱신형 같은 전문용어를 쉽게 설명해 줬으면 좋겠다.,5,있음,아니오
898,40대,상품 비교,모바일,보험료 비교,상품 비교,보험료만 봐서는 가격 차이가 왜 나는지 모르겠다.,3,있음,예
899,40대,가입 검토,웹,상담 질문 준비,상담,상품을 고르기 전에 확인할 질문 목록이 필요하다.,4,없음,예
900,30대,상담,오프라인,보험료 비교,상품 비교,보험료만 봐서는 가격 차이가 왜 나는지 모르겠다.,4,없음,아니오
901,40대,정보 탐색,모바일,전문용어 이해,정보 이해,약관의 전문 표현을 일상적인 말로 바꿔서 보고 싶다.,3,있음,예
902,30대,상담,모바일,전문용어 이해,정보 이해,갱신형과 비갱신형 같은 전문용어를 쉽게 설명해 줬으면 좋겠다.,5,없음,아니오
903,40대,상담,모바일,상담 정보 전달,상담,상담 전에 기본 정보를 정리해 상담 시간을 줄이고 싶다.,4,없음,예
904,40대,가입 검토,모바일,상담 질문 준비,상담,상담 전에 무엇을 물어봐야 할지 모르겠다.,4,없음,아니오
905,20대,상품 비교,오프라인,전문용어 이해,정보 이해,갱신형과 비갱신형 같은 전문용어를 쉽게 설명해 줬으면 좋겠다.,3,없음,예
906,40대,가입 검토,웹,보장 범위 이해,정보 이해,보장 내용을 사례 중심의 쉬운 설명으로 보고 싶다.,3,없음,아니오
907,30대,가입 검토,전화,보험료 비교,상품 비교,내 예산에 맞는 상품인지 보험료를 비교하기 어렵다.,3,있음,예
908,30대,상담,모바일,상담 질문 준비,상담,내 상황에 맞는 상담 질문을 미리 준비하고 싶다.,3,있음,아니오
909,30대,가입 검토,웹,전문용어 이해,정보 이해,갱신형과 비갱신형 같은 전문용어를 쉽게 설명해 줬으면 좋겠다.,5,있음,예
910,30대,상담,웹,전문용어 이해,정보 이해,약관의 전문 표현을 일상적인 말로 바꿔서 보고 싶다.,5,없음,아니오
911,40대,정보 탐색,모바일,보험료 비교,상품 비교,월 납입액과 보장 수준을 함께 비교할 수 있으면 좋겠다.,3,있음,아니오
912,20대,가입 검토,전화,보장 범위 이해,정보 이해,보장 내용을 사례 중심의 쉬운 설명으로 보고 싶다.,4,있음,예
913,50대 이상,정보 탐색,웹,보장 제외 조건,주의사항,기존 질환이 있으면 어떤 보장이 제외되는지 불안하다.,3,있음,아니오
914,30대,정보 탐색,모바일,상품 보장 비교,상품 비교,어떤 상품의 보장 범위가 더 넓은지 모르겠다.,4,없음,예
915,20대,상담,전화,상담 질문 준비,상담,내 상황에 맞는 상담 질문을 미리 준비하고 싶다.,3,있음,아니오
916,20대,상품 비교,모바일,보장 제외 조건,주의사항,보장되지 않는 조건이 설명서 뒤쪽에 있어 찾기 어렵다.,5,있음,예
917,20대,상담,모바일,보험료 비교,상품 비교,보험료만 봐서는 가격 차이가 왜 나는지 모르겠다.,5,있음,아니오
918,50대 이상,상담,모바일,갱신 조건,주의사항,갱신 주기와 보험료 변동 조건을 찾기 어렵다.,4,있음,아니오
919,20대,상품 비교,모바일,전문용어 이해,정보 이해,보험 용어가 너무 어려워서 무슨 뜻인지 모르겠다.,5,없음,예
920,40대,상품 비교,모바일,보장 범위 이해,정보 이해,보장 내용을 사례 중심의 쉬운 설명으로 보고 싶다.,5,없음,예
921,30대,상담,모바일,상품 보장 비교,상품 비교,상품 A와 상품 B의 보장 차이를 같은 기준으로 비교하기 어렵다.,3,없음,아니오
922,30대,상담,웹,상담 정보 전달,상담,상담사에게 내 보험 상황을 매번 처음부터 설명해야 한다.,3,있음,예
923,20대,상담,오프라인,상품 보장 비교,상품 비교,상품별 보장 항목과 지급 조건을 나란히 보고 싶다.,5,있음,예
924,30대,상담,모바일,보험료 비교,상품 비교,보험료만 봐서는 가격 차이가 왜 나는지 모르겠다.,5,없음,아니오
925,30대,가입 검토,전화,보장 제외 조건,주의사항,기존 질환이 있으면 어떤 보장이 제외되는지 불안하다.,4,없음,아니오
926,40대,상담,웹,보장 제외 조건,주의사항,보장되지 않는 조건이 설명서 뒤쪽에 있어 찾기 어렵다.,3,있음,예
927,30대,상품 비교,웹,보험료 비교,상품 비교,내 예산에 맞는 상품인지 보험료를 비교하기 어렵다.,4,있음,예
928,40대,상담,오프라인,상담 정보 전달,상담,상담 전에 기본 정보를 정리해 상담 시간을 줄이고 싶다.,4,있음,아니오
929,40대,상품 비교,모바일,상담 질문 준비,상담,상품을 고르기 전에 확인할 질문 목록이 필요하다.,2,있음,예
930,20대,상담,모바일,보장 범위 이해,정보 이해,암 진단을 받으면 실제로 얼마를 받는지 모르겠다.,4,있음,예
931,20대,정보 탐색,모바일,보장 범위 이해,정보 이해,암 진단을 받으면 실제로 얼마를 받는지 모르겠다.,4,없음,예
932,50대 이상,정보 탐색,전화,상담 질문 준비,상담,내 상황에 맞는 상담 질문을 미리 준비하고 싶다.,3,없음,예
933,20대,가입 검토,오프라인,전문용어 이해,정보 이해,갱신형과 비갱신형 같은 전문용어를 쉽게 설명해 줬으면 좋겠다.,3,있음,예
934,50대 이상,정보 탐색,웹,상담 질문 준비,상담,내 상황에 맞는 상담 질문을 미리 준비하고 싶다.,3,없음,예
935,30대,정보 탐색,전화,상담 질문 준비,상담,상담 전에 무엇을 물어봐야 할지 모르겠다.,4,없음,예
936,50대 이상,가입 검토,모바일,보장 제외 조건,주의사항,기존 질환이 있으면 어떤 보장이 제외되는지 불안하다.,5,있음,아니오
937,20대,가입 검토,모바일,갱신 조건,주의사항,갱신 시 보험료가 얼마나 오를 수 있는지 명확히 알고 싶다.,3,없음,아니오
938,40대,정보 탐색,모바일,상담 정보 전달,상담,상담할 때 내가 궁금한 내용을 정리해서 전달하기 어렵다.,3,있음,예
939,30대,상담,모바일,전문용어 이해,정보 이해,약관의 전문 표현을 일상적인 말로 바꿔서 보고 싶다.,3,없음,아니오
940,20대,상담,모바일,상담 질문 준비,상담,내 상황에 맞는 상담 질문을 미리 준비하고 싶다.,3,있음,예
941,40대,정보 탐색,모바일,보험료 비교,상품 비교,월 납입액과 보장 수준을 함께 비교할 수 있으면 좋겠다.,4,없음,아니오
942,40대,상품 비교,전화,전문용어 이해,정보 이해,보험 용어가 너무 어려워서 무슨 뜻인지 모르겠다.,5,있음,아니오
943,40대,가입 검토,웹,상품 보장 비교,상품 비교,상품별 보장 항목과 지급 조건을 나란히 보고 싶다.,4,없음,아니오
944,30대,상품 비교,웹,상담 정보 전달,상담,상담할 때 내가 궁금한 내용을 정리해서 전달하기 어렵다.,4,없음,아니오
945,50대 이상,상담,전화,갱신 조건,주의사항,갱신형 상품의 장기 비용을 예측하기 어렵다.,3,없음,아니오
946,40대,상품 비교,웹,상품 보장 비교,상품 비교,어떤 상품의 보장 범위가 더 넓은지 모르겠다.,4,없음,예
947,20대,가입 검토,웹,보험료 비교,상품 비교,보험료만 봐서는 가격 차이가 왜 나는지 모르겠다.,3,없음,아니오
948,40대,상담,오프라인,보장 범위 이해,정보 이해,이 상품이 어떤 상황을 보장하는지 한눈에 이해하기 어렵다.,5,없음,아니오
949,30대,정보 탐색,모바일,보장 범위 이해,정보 이해,보장 내용을 사례 중심의 쉬운 설명으로 보고 싶다.,3,있음,아니오
950,20대,가입 검토,오프라인,보장 제외 조건,주의사항,면책기간과 보장 제외 항목을 먼저 확인하고 싶다.,5,없음,아니오
951,40대,상품 비교,웹,상품 보장 비교,상품 비교,어떤 상품의 보장 범위가 더 넓은지 모르겠다.,5,없음,예
952,30대,가입 검토,모바일,상품 보장 비교,상품 비교,상품 A와 상품 B의 보장 차이를 같은 기준으로 비교하기 어렵다.,5,있음,아니오
953,20대,상품 비교,모바일,전문용어 이해,정보 이해,갱신형과 비갱신형 같은 전문용어를 쉽게 설명해 줬으면 좋겠다.,3,있음,아니오
954,30대,상담,전화,보장 제외 조건,주의사항,면책기간과 보장 제외 항목을 먼저 확인하고 싶다.,4,있음,아니오
955,50대 이상,상담,전화,갱신 조건,주의사항,갱신 시 보험료가 얼마나 오를 수 있는지 명확히 알고 싶다.,5,없음,아니오
956,20대,정보 탐색,웹,갱신 조건,주의사항,갱신형 상품의 장기 비용을 예측하기 어렵다.,4,없음,예
957,30대,정보 탐색,웹,상담 정보 전달,상담,상담할 때 내가 궁금한 내용을 정리해서 전달하기 어렵다.,2,없음,아니오
958,20대,상품 비교,모바일,보장 제외 조건,주의사항,기존 질환이 있으면 어떤 보장이 제외되는지 불안하다.,4,있음,아니오
959,40대,상품 비교,전화,보험료 비교,상품 비교,월 납입액과 보장 수준을 함께 비교할 수 있으면 좋겠다.,3,있음,아니오
960,40대,상담,모바일,보장 범위 이해,정보 이해,보장 내용을 사례 중심의 쉬운 설명으로 보고 싶다.,4,없음,예
961,30대,상담,전화,보험료 비교,상품 비교,월 납입액과 보장 수준을 함께 비교할 수 있으면 좋겠다.,4,없음,예
962,30대,상담,웹,보험료 비교,상품 비교,보험료만 봐서는 가격 차이가 왜 나는지 모르겠다.,5,있음,예
963,40대,상담,모바일,상담 질문 준비,상담,내 상황에 맞는 상담 질문을 미리 준비하고 싶다.,3,없음,아니오
964,40대,상품 비교,웹,갱신 조건,주의사항,갱신 주기와 보험료 변동 조건을 찾기 어렵다.,5,있음,예
965,20대,정보 탐색,오프라인,보장 제외 조건,주의사항,면책기간과 보장 제외 항목을 먼저 확인하고 싶다.,3,있음,예
966,50대 이상,상품 비교,오프라인,전문용어 이해,정보 이해,갱신형과 비갱신형 같은 전문용어를 쉽게 설명해 줬으면 좋겠다.,3,없음,아니오
967,30대,가입 검토,모바일,전문용어 이해,정보 이해,보험 용어가 너무 어려워서 무슨 뜻인지 모르겠다.,4,없음,아니오
968,30대,가입 검토,모바일,보험료 비교,상품 비교,보험료만 봐서는 가격 차이가 왜 나는지 모르겠다.,3,없음,예
969,20대,정보 탐색,모바일,상품 보장 비교,상품 비교,상품별 보장 항목과 지급 조건을 나란히 보고 싶다.,5,없음,예
970,30대,정보 탐색,웹,보장 제외 조건,주의사항,기존 질환이 있으면 어떤 보장이 제외되는지 불안하다.,4,없음,아니오
971,50대 이상,가입 검토,모바일,보장 범위 이해,정보 이해,이 상품이 어떤 상황을 보장하는지 한눈에 이해하기 어렵다.,3,없음,예
972,30대,상담,웹,갱신 조건,주의사항,갱신 주기와 보험료 변동 조건을 찾기 어렵다.,4,없음,아니오
973,30대,상담,모바일,전문용어 이해,정보 이해,보험 용어가 너무 어려워서 무슨 뜻인지 모르겠다.,4,없음,예
974,50대 이상,정보 탐색,모바일,보장 범위 이해,정보 이해,보장 내용을 사례 중심의 쉬운 설명으로 보고 싶다.,5,없음,아니오
975,30대,상품 비교,전화,보장 제외 조건,주의사항,보장되지 않는 조건이 설명서 뒤쪽에 있어 찾기 어렵다.,4,없음,예
976,30대,상담,모바일,보장 제외 조건,주의사항,기존 질환이 있으면 어떤 보장이 제외되는지 불안하다.,5,있음,예
977,50대 이상,상담,모바일,전문용어 이해,정보 이해,갱신형과 비갱신형 같은 전문용어를 쉽게 설명해 줬으면 좋겠다.,5,있음,아니오
978,20대,가입 검토,모바일,상담 질문 준비,상담,상품을 고르기 전에 확인할 질문 목록이 필요하다.,4,없음,아니오
979,40대,상품 비교,웹,전문용어 이해,정보 이해,갱신형과 비갱신형 같은 전문용어를 쉽게 설명해 줬으면 좋겠다.,4,없음,아니오
980,50대 이상,가입 검토,오프라인,상담 정보 전달,상담,상담 전에 기본 정보를 정리해 상담 시간을 줄이고 싶다.,3,있음,예
981,30대,상품 비교,모바일,갱신 조건,주의사항,갱신 주기와 보험료 변동 조건을 찾기 어렵다.,4,없음,예
982,20대,상담,모바일,보장 제외 조건,주의사항,보장되지 않는 조건이 설명서 뒤쪽에 있어 찾기 어렵다.,5,없음,아니오
983,40대,상담,전화,보장 제외 조건,주의사항,면책기간과 보장 제외 항목을 먼저 확인하고 싶다.,3,없음,예
984,40대,상담,웹,상담 정보 전달,상담,상담할 때 내가 궁금한 내용을 정리해서 전달하기 어렵다.,3,있음,아니오
985,40대,정보 탐색,모바일,보장 범위 이해,정보 이해,암 진단을 받으면 실제로 얼마를 받는지 모르겠다.,3,있음,예
986,20대,가입 검토,웹,보장 범위 이해,정보 이해,보장 내용을 사례 중심의 쉬운 설명으로 보고 싶다.,4,없음,예
987,30대,상품 비교,모바일,상담 질문 준비,상담,내 상황에 맞는 상담 질문을 미리 준비하고 싶다.,3,없음,아니오
988,40대,상품 비교,모바일,보험료 비교,상품 비교,내 예산에 맞는 상품인지 보험료를 비교하기 어렵다.,4,없음,아니오
989,30대,상품 비교,웹,보장 제외 조건,주의사항,면책기간과 보장 제외 항목을 먼저 확인하고 싶다.,5,없음,예
990,40대,상품 비교,모바일,보장 제외 조건,주의사항,면책기간과 보장 제외 항목을 먼저 확인하고 싶다.,3,있음,예
991,20대,가입 검토,웹,상담 질문 준비,상담,내 상황에 맞는 상담 질문을 미리 준비하고 싶다.,2,있음,예
992,30대,상담,모바일,상담 질문 준비,상담,상품을 고르기 전에 확인할 질문 목록이 필요하다.,4,있음,아니오
993,40대,상품 비교,모바일,상품 보장 비교,상품 비교,상품별 보장 항목과 지급 조건을 나란히 보고 싶다.,5,있음,아니오
994,20대,정보 탐색,전화,전문용어 이해,정보 이해,보험 용어가 너무 어려워서 무슨 뜻인지 모르겠다.,5,없음,아니오
995,50대 이상,상품 비교,모바일,상담 정보 전달,상담,상담할 때 내가 궁금한 내용을 정리해서 전달하기 어렵다.,2,없음,예
996,40대,가입 검토,전화,보험료 비교,상품 비교,보험료만 봐서는 가격 차이가 왜 나는지 모르겠다.,3,있음,예
997,40대,가입 검토,웹,상담 정보 전달,상담,상담사에게 내 보험 상황을 매번 처음부터 설명해야 한다.,2,있음,예
998,30대,정보 탐색,오프라인,보장 제외 조건,주의사항,보장되지 않는 조건이 설명서 뒤쪽에 있어 찾기 어렵다.,4,있음,예
999,20대,상담,모바일,상담 질문 준비,상담,상품을 고르기 전에 확인할 질문 목록이 필요하다.,4,있음,예
1000,20대,정보 탐색,모바일,전문용어 이해,정보 이해,갱신형과 비갱신형 같은 전문용어를 쉽게 설명해 줬으면 좋겠다.,4,없음,아니오
